,danceability,energy,key,loudness,mode,speechiness,acousticness,instrumentalness,liveness,valence,tempo,id,duration_ms,time_signature,main_artist,song_name
0,0.868,0.538,5,-8.603,1,0.174,0.269,3.34e-06,0.0901,0.732,99.968,2IGMVunIBsBLtEQyoI1Mu7,231750,4,Doja Cat,Paint The Town Red
1,0.429,0.453,0,-7.746,1,0.0459,0.554,2e-06,0.102,0.155,77.639,4KULAymBBJcPRpk1yO4dOG,227196,4,Zach Bryan,I Remember Everything (feat. Kacey Musgraves)
2,0.712,0.603,8,-5.52,1,0.0262,0.186,0.0,0.115,0.67,97.994,1Lo0QY9cvc8sUB2vnIOxDT,265493,4,Luke Combs,Fast Car
3,0.552,0.702,9,-5.707,1,0.157,0.117,2.06e-05,0.105,0.564,169.994,1BxfuPKGuaTgP7aM0Bbdwr,178427,4,Taylor Swift,Cruel Summer
4,0.492,0.675,6,-5.456,1,0.0389,0.467,0.0,0.142,0.478,203.759,7K3BhSpAxZBznislvUMVtn,163855,4,Morgan Wallen,Last Night
5,0.671,0.845,11,-4.93,0,0.048,0.0207,0.0,0.329,0.775,110.056,1vYXt7VSjH9JIM5oRRo7vA,176579,4,Dua Lipa,Dance The Night - From Barbie The Album
6,0.559,0.551,5,-7.231,1,0.132,0.141,0.0,0.11,0.392,143.008,4iZ4pt7kvcaH6Yo8UoZ4s2,201800,4,SZA,Snooze
7,0.847,0.622,1,-6.747,0,0.0903,0.119,0.0,0.285,0.22,130.001,4rXLjWdF2ZZpXCVTfWcshS,125040,4,Gunna,fukumean
8,0.511,0.532,5,-5.745,1,0.056,0.169,0.0,0.311,0.322,137.827,3k79jB4aGmMDUQzEwa46Rz,219724,4,Olivia Rodrigo,vampire
9,0.801,0.806,11,-5.206,1,0.0381,0.382,0.000669,0.114,0.802,106.999,0WtM2NBVQNNJLh6scP13H8,239318,4,Rema,Calm Down (with Selena Gomez)
10,0.678,0.264,10,-12.384,1,0.0622,0.753,0.0,0.302,0.528,121.722,78Du4CMFgnhdlG33gblkiP,187244,4,Oliver Anthony Music,Rich Men North of Richmond
11,0.77,0.58,0,-8.393,1,0.247,0.519,0.000127,0.233,0.753,144.072,741UUVE2kuITl0c6zuqqbO,109750,4,Nicki Minaj,Barbie World (with Aqua) [From Barbie The Album]
12,0.707,0.681,0,-4.325,1,0.0668,0.0632,5.15e-06,0.0322,0.646,117.999,0yLdNVWF3Srea0uzk55zFn,200455,4,Miley Cyrus,Flowers
13,0.829,0.436,3,-8.205,1,0.327,0.15,0.0,0.0954,0.693,143.031,6HgWWaMu31KdOpEG5l28BG,223204,4,Lil Durk,All My Life (feat. J. Cole)
14,0.57,0.67,1,-6.519,1,0.0274,0.426,0.0,0.108,0.593,140.924,0ec7EBr0mjWO6J7TRr09bN,178723,4,Bailey Zimmerman,Religiously
15,0.451,0.632,4,-3.843,1,0.0475,0.6,0.0,0.139,0.455,147.06,0Nfh4u0J4bajcyp5pzaWCx,190461,4,Miley Cyrus,Used To Be Young
16,0.583,0.351,0,-5.836,1,0.0306,0.494,0.0,0.368,0.462,79.014,4pCbJC43j3gSqG6Fen6upD,227467,4,Zach Bryan,Hey Driver (feat. The War and Treaty)
17,0.504,0.771,6,-4.231,1,0.0319,0.0123,1.89e-05,0.078,0.555,157.985,5jUOG0aeAofL5u3UWyrtDO,197400,4,Jelly Roll,Need A Favor
18,0.656,0.757,3,-5.775,0,0.0308,0.492,0.0,0.117,0.429,139.971,0PAcdVzhPO4gq1Iym9ESnK,177388,4,Morgan Wallen,Thinkin’ Bout Me
19,0.638,0.634,4,-6.582,1,0.0457,0.133,1.23e-06,0.152,0.519,96.953,02Zkkf2zMkwRGQjZ7T4p8f,200690,4,Taylor Swift,Anti-Hero
20,0.644,0.728,8,-5.75,1,0.0351,0.0543,0.169,0.161,0.43,88.993,3OHfY25tqY28d16oZczHc8,153947,4,SZA,Kill Bill
21,0.444,0.0911,0,-17.665,1,0.0307,0.959,1.05e-06,0.098,0.142,78.403,6wf7Yu7cxBSPrRlWeSeK0Q,222370,4,Billie Eilish,"What Was I Made For? [From The Motion Picture ""Barbie""]"
22,0.847,0.434,5,-6.474,0,0.0382,0.0226,0.0673,0.087,0.293,129.967,79DPYZ6x8FfzgSgPoPhpC3,216348,4,Nicki Minaj,Last Time I Saw You
23,0.615,0.616,8,-6.523,1,0.0622,0.0623,0.0,0.579,0.0734,89.977,4i6cwNY6oIUU2XZxPIw82Y,201493,4,Taylor Swift,Karma (feat. Ice Spice)
24,0.715,0.62,1,-6.005,0,0.0484,0.417,0.0,0.0822,0.172,97.95,2dHHgzDwk4BJdRwy9uXhTO,221520,4,Metro Boomin,Creepin' (with The Weeknd & 21 Savage)
25,0.628,0.878,9,-3.468,1,0.0901,0.00196,1.23e-05,0.0649,0.796,129.976,2i8f4VnnBjy0yDqH2C452a,184784,4,Olivia Rodrigo,bad idea right?
26,0.557,0.774,7,-5.275,0,0.351,0.012,0.0,0.396,0.397,111.975,67nepsnrcZkowTxMWigSbb,246134,4,Travis Scott,MELTDOWN (feat. Drake)
27,0.667,0.613,8,-7.147,1,0.0313,0.121,0.0,0.113,0.681,112.046,22VHOlVYBqytsrAqV8yXBK,213817,4,Noah Kahan,Dial Drunk (with Post Malone)
28,0.593,0.397,6,-8.309,1,0.0329,0.684,7.44e-06,0.0982,0.32,76.703,3EvZ03hGAFwGZ2Ebcu86YH,189053,4,Zach Bryan,Tourniquet
29,0.459,0.861,0,-3.762,0,0.0529,0.0474,5.38e-06,0.107,0.333,145.842,4ROknQyR1wOGPfmpTtB3z4,180034,4,Jason Aldean,Try That In A Small Town
30,0.842,0.756,7,-7.409,0,0.338,0.525,2.21e-06,0.0871,0.421,169.925,3XB5uhhlYSnkxpSihkNQwh,172798,4,KAROL G,QLONA
31,0.532,0.489,4,-7.419,1,0.0311,0.149,0.0,0.237,0.32,139.807,3qXsX3mYSsD1DmAvc3PE3N,229627,4,Luke Combs,Love You Anyway
32,0.739,0.413,1,-6.709,1,0.0282,0.47,2.51e-05,0.131,0.649,139.921,6KaKmX6EIu3x2057HoZwQF,208853,4,Lainey Wilson,Watermelon Moonshine
33,0.927,0.619,5,-4.441,0,0.0539,0.0186,0.0,0.104,0.817,117.995,6wsqVwoiVH2kde4k4KKAFU,211582,4,Travis Scott,I KNOW ?
34,0.604,0.444,0,-7.695,1,0.0698,0.409,0.0,0.0837,0.169,72.129,0HEytGQM3bG1vKxER7IgVK,169467,4,Zach Bryan,Spotless (feat. The Lumineers)
35,0.376,0.835,2,-5.824,0,0.0655,0.0118,3.71e-06,0.471,0.511,160.069,4EKH0ajMHXTkq4ztWuztVH,242307,4,Kane Brown,Bury Me in Georgia
36,0.802,0.832,11,-4.107,1,0.0434,0.311,0.0,0.0815,0.89,124.997,7x9aauaA9cu6tyfpHnqDLo,185427,4,Jung Kook,Seven (feat. Latto) (Explicit Ver.)
37,0.8,0.545,2,-13.637,1,0.0357,0.711,0.00191,0.104,0.861,124.943,4EEjMyQub6tgFVshlM9j1M,250933,4,Jimmy Buffett,Margaritaville
38,0.61,0.571,2,-5.649,1,0.0782,0.00863,0.0,0.131,0.747,105.01,6iF4RgIjDvDqyW13PezSj3,171655,4,Selena Gomez,Single Soon
39,0.408,0.607,10,-7.463,1,0.0391,0.236,8.02e-05,0.0972,0.169,144.136,00syWkRGIVQvYsg2OwfBUw,209320,4,Zach Bryan,East Side of Sorrow
40,0.731,0.744,1,-5.77,0,0.174,0.109,0.0,0.123,0.727,171.859,1O8zCu3dLLPxkbGfIsbRgE,223344,4,Doechii,What It Is (Block Boy) (with Kodak Black)
41,0.508,0.43,2,-9.475,0,0.0335,0.83,0.000441,0.093,0.324,130.09,1odExI7RdWc4BT515LTAwj,212954,4,David Kushner,Daylight
42,0.634,0.725,0,-4.88,0,0.0577,0.0754,0.0,0.208,0.845,159.898,7mLPSkAJraASgNk6ywyTkp,154375,4,KAROL G,MI EX TENÍA RAZÓN
43,0.708,0.737,1,-4.045,1,0.0436,0.0739,0.00162,0.0955,0.607,91.986,7ABLbnD53cQK00mhcaOUVG,197920,4,Myke Towers,LALA
44,0.77,0.661,2,-8.199,1,0.0336,0.652,0.0,0.383,0.943,120.053,4dKa5ZzlGqUy3Wo0yaXKNI,174253,4,FIFTY FIFTY,Cupid
45,0.821,0.341,8,-5.915,1,0.281,8.73e-05,0.00746,0.18,0.344,139.885,1xemKSmCnH59ze3KX5wwgH,196653,4,Doja Cat,Demons
46,0.646,0.736,5,-7.118,0,0.0449,0.216,0.0,0.415,0.873,140.098,7mXuWTczZNxG5EDcjFEuJR,212878,3,Peso Pluma,LADY GAGA
47,0.523,0.636,7,-5.813,1,0.0582,0.0541,2.63e-06,0.0716,0.155,128.785,0GMiRrUnQuoGddKMsxGPIZ,171427,4,Zach Bryan,Fear and Friday's
48,0.351,0.593,3,-5.549,1,0.0267,0.678,5.54e-05,0.117,0.358,92.263,7C1BLYzAvR0KdBpov3GpUZ,182855,4,Zach Bryan,El Dorado
49,0.458,0.535,5,-4.854,0,0.0281,0.575,0.0,0.168,0.216,82.826,1i9lZvlaDdWDPyXEE95aiq,353755,4,Travis Scott,TELEKINESIS (feat. SZA & Future)
50,0.911,0.536,4,-7.884,0,0.282,0.00897,3.73e-06,0.111,0.584,146.014,1KUZ33cOqk3X4Ezk0aZnVp,203813,4,Young Nudy,Peaches & Eggplants (feat. 21 Savage)
51,0.494,0.328,6,-8.553,1,0.034,0.718,2.91e-06,0.0744,0.206,121.834,1HwDRgozGBMyfJTQUfz09A,242200,5,Zach Bryan,Ticking
52,0.469,0.208,0,-9.022,1,0.0448,0.607,1.72e-06,0.127,0.215,81.098,7eOuUmpnHBlg5zsm8Cs7c3,186187,4,Zach Bryan,Summertime's Close
53,0.569,0.882,3,-2.777,0,0.06,0.0316,0.0,0.142,0.201,148.038,42VsgItocQwOQC3XWZ8JNA,191701,4,Travis Scott,FE!N (feat. Playboi Carti)
54,0.377,0.72,4,-7.086,1,0.0364,0.0217,0.00919,0.138,0.26,142.212,5pIVEk6Di7n1v5khOzJaJL,190947,4,Zach Bryan,Overtime
55,0.47,0.495,7,-10.746,1,0.245,0.682,0.0,0.101,0.193,170.778,1kCVncgHcTEICcK3fG63jR,190588,4,Rod Wave,Come See Me
56,0.353,0.77,1,-11.066,0,0.0493,0.0016,0.598,0.109,0.224,145.225,7MSWxMumjz6lHj7oRApNbg,267893,4,Chris Stapleton,White Horse
57,0.753,0.669,7,-4.914,0,0.104,0.0378,0.0,0.122,0.584,140.948,0J1YRLYhTG1MBosjidD7OI,247469,4,USHER,Good Good
58,0.662,0.77,0,-4.887,1,0.0367,0.0875,0.0,0.35,0.769,132.057,73NzYbpaYvQ7JfpjztFESL,167535,4,HARDY,TRUCK BED
59,0.789,0.763,1,-6.169,1,0.199,0.123,2.22e-05,0.132,0.272,140.107,5JYPXqMwYc0zTODQdjMEZN,126857,4,Ice Spice,Deli
60,0.808,0.944,10,-4.863,0,0.0408,0.183,1.11e-06,0.138,0.937,124.934,6uIIdjYTxxpWOyWuVXrKQO,191467,3,Calle 24,Que Onda
61,0.491,0.782,1,-6.148,1,0.0376,0.154,0.0,0.137,0.441,155.289,7df5ELYvqxkoLhNK391CRV,226493,4,Tim McGraw,Standing Room Only
62,0.595,0.41,0,-5.079,1,0.0257,0.776,4.27e-06,0.224,0.141,83.308,67aaFVnfvFWjxVQMd0jDb5,187271,4,Zach Bryan,Smaller Acts
63,0.566,0.845,8,-3.817,1,0.0265,0.00475,0.000822,0.148,0.698,103.97,0cv6mTbrqr8vxGC31NjKtM,187047,4,Morgan Wallen,Everything I Love
64,0.534,0.409,7,-9.559,1,0.0378,0.844,0.000656,0.115,0.243,127.357,1olWQ1LOUYs4VBwx5N8Lz9,225827,4,Tyler Childers,In Your Love
65,0.852,0.675,1,-6.271,1,0.197,0.0652,3.74e-05,0.36,0.83,99.012,5xP9lQYA8YQmQh6BOxcAnR,215467,4,The Weeknd,Popular (with Playboi Carti & Madonna) - The Idol Vol. 1 (Music from the HBO Original Series)
66,0.739,0.536,1,-10.843,1,0.308,0.231,0.0,0.35,0.64,82.549,7icwQvajsokotDfM3tefW6,154120,4,Sexyy Red,SkeeYee
67,0.849,0.614,1,-7.323,1,0.317,0.0282,0.0,0.0603,0.472,111.363,6c6WmIHcHlhccEwSFBhzNa,185748,5,Latto,Put It On Da Floor Again (feat. Cardi B)
68,0.415,0.404,4,-9.331,1,0.0393,0.678,1.95e-05,0.28,0.425,81.202,3itgPtXSu4I9mr2QD6yrzP,216027,4,Zach Bryan,Holy Roller (feat. Sierra Ferrell)
69,0.785,0.863,7,-4.599,0,0.0893,0.0883,0.0,0.0929,0.962,130.132,1UMm1Qs3u59Wvk53zBUE8r,156501,3,Fuerza Regida,SABOR FRESA
70,0.557,0.866,6,-4.454,1,0.0503,0.394,0.0,0.11,0.631,167.767,7bPp2NmpmyhLJ7zWazAXMu,209415,4,Peso Pluma,TULUM
71,0.652,0.8,9,-4.019,0,0.0614,0.143,0.629,0.112,0.234,143.978,7ro0hRteUMfnOioTFI5TG1,231704,4,Bad Bunny,WHERE SHE GOES
72,0.527,0.598,1,-4.257,1,0.0283,0.063,0.000153,0.0913,0.23,66.041,5vZoQQ1hH5L2s4Y8G86ksg,200427,3,Thomas Rhett,Angels (Don’t Always Have Wings)
73,0.814,0.618,5,-5.614,0,0.0619,0.0386,3.34e-06,0.671,0.535,121.075,5L3ecxQnQ9qTBmnLQiwf0C,185221,4,Travis Scott,K-POP
74,0.971,0.671,10,-5.26,0,0.154,0.416,0.0,0.128,0.754,119.965,1kwPxt35W7cG3rryxR48PO,192000,4,That Mexican OT,Johnny Dang (with Paul Wall & DRODi)
75,0.808,0.789,7,-5.88,0,0.236,0.0517,0.0,0.0819,0.465,136.01,7qLr3HMApUbyDkUvgIvHnB,185333,4,Young Thug,Oh U Went (feat. Drake)
76,0.447,0.441,0,-7.658,1,0.0456,0.874,4.36e-05,0.188,0.286,122.811,42TtHTxWk782ZBiqyOi2d1,290892,4,Zach Bryan,Dawns (feat. Maggie Rogers)
77,0.435,0.401,0,-7.885,1,0.0434,0.782,0.000676,0.113,0.0911,84.001,2pUYbyOIOSfDfsnCR3KceZ,319196,4,Zach Bryan,Jake's Piano - Long Island
78,0.677,0.404,0,-9.552,1,0.027,0.653,0.0,0.249,0.355,83.087,1rnYNAJPAb586NhetosdNW,240723,3,Jelly Roll,Save Me
79,0.544,0.573,8,-5.694,1,0.0356,0.0958,0.0,0.104,0.233,122.977,0OWhKvvsHptt6vnnNUSM9a,211739,4,Zach Bryan,Oklahoma Smokeshow
80,0.561,0.604,9,-4.409,1,0.0337,0.199,1.9e-05,0.104,0.242,159.92,6usohdchdzW9oML7VC4Uhk,210689,3,Teddy Swims,Lose Control
81,0.533,0.389,0,-8.428,1,0.051,0.85,0.0012,0.104,0.164,76.77,6Otmq7JokHh38wKSqUimcS,187729,3,Zach Bryan,Tradesman
82,0.783,0.768,11,-8.471,0,0.157,0.00198,0.0,0.171,0.267,143.071,3FhZPYvMGSjFc6boVYKlCv,124806,4,DaBaby,SHAKE SUMN
83,0.82,0.66,6,-4.05,0,0.0348,0.201,3.45e-05,0.27,0.765,120.002,0MBRKCgePXewM1iBQiPn7Q,174223,4,Timbaland,Keep Going Up (with Nelly Furtado & Justin Timberlake)
84,0.823,0.388,1,-10.867,1,0.491,0.0187,0.0,0.0876,0.507,154.569,7sliFe6W30tPBPh6dvZsIH,139326,4,Kaliii,Area Codes
85,0.789,0.839,8,-4.24,1,0.0589,0.0321,0.00476,0.108,0.656,98.021,4L4m2mgZDF8KIkJPdWWIAf,159372,4,Burna Boy,Sittin' On Top Of The World
86,0.518,0.557,1,-4.839,1,0.0332,0.0258,2.46e-06,0.156,0.216,111.865,2gT2iF1YK5r54A2PDEXVv8,218160,3,Warren Zeiders,Pretty Little Poison
87,0.635,0.114,4,-12.176,1,0.0522,0.819,6.35e-06,0.0797,0.0998,72.401,4ueTr01dkL360w1knfh21C,249453,1,Zach Bryan,Oklahoman Son
88,0.786,0.853,5,-4.955,0,0.0589,0.273,0.0,0.106,0.963,125.107,368eeEO3Y2uZUQ6S5oIjcu,157252,3,Fuerza Regida,TQM
89,0.558,0.559,6,-9.222,1,0.0959,0.371,7.49e-06,0.109,0.62,78.558,7KA4W4McWYRpgf0fWsJZWB,180387,4,"Tyler, The Creator",See You Again (feat. Kali Uchis)
90,0.92,0.696,6,-3.356,0,0.0742,0.183,0.0,0.149,0.545,106.966,505v13epFXodT9fVAJ6h8k,170480,4,KAROL G,AMARGURA
91,0.459,0.682,8,-4.235,1,0.0464,0.167,0.0,0.11,0.887,201.831,2nyND86jr7LrsBohsXOTdJ,155120,4,Parmalee,Girl In Mine
92,0.616,0.834,9,-3.069,1,0.0664,0.06,0.0,0.338,0.746,151.701,6qa3HTYHUYyK0qYj32JF4C,165848,4,Grupo Frontera,EL AMOR DE SU VIDA
93,0.681,0.71,11,-6.643,0,0.0574,0.155,3.02e-05,0.367,0.254,89.957,7g6FlLHxbVqMi1s7S8tDTp,188505,4,Chris Brown,Summer Too Hot
94,0.758,0.816,5,-7.284,1,0.0406,0.136,3.64e-06,0.326,0.915,139.959,0xGZjxYqcNQ8WqxyeZ4eSN,238447,3,Peso Pluma,RUBICON
95,0.756,0.582,11,-7.726,1,0.0343,0.0592,0.0,0.161,0.605,134.07,1fXnu2HzxbDtoyvFPWG3Bw,218489,4,Lil Durk,Stand By Me (feat. Morgan Wallen)
96,0.577,0.658,2,-8.281,1,0.0961,0.107,0.0,0.0953,0.243,83.297,1c926G7no7KCvt717X6rgZ,153129,4,Rod Wave,Call Your Friends
97,0.639,0.713,5,-4.368,0,0.0337,0.0539,0.0,0.102,0.717,86.1,7ETjhPaIU4UmHOiimJBZz9,161200,4,Jon Pardi,Your Heart Or Mine
98,0.544,0.396,10,-7.804,1,0.0637,0.607,6.17e-05,0.0969,0.502,157.939,4mGrWfDISjNjgeQnH1B8IE,186456,3,Carin Leon,Primera Cita
99,0.856,0.72,0,-4.946,0,0.215,0.631,1.33e-05,0.0901,0.385,128.155,6NlJtxTYtt0b8tY2IAZDAV,173005,4,KAROL G,S91
100,0.657,0.802,8,-5.964,0,0.0565,0.0205,0.0128,0.0756,0.243,140.005,5yGBAk2Ukgs1SQS3tpOI46,131201,3,Doja Cat,Paint The Town Red
101,0.783,0.727,6,-3.454,0,0.389,0.185,2.46e-05,0.0626,0.558,180.067,1yoMvmasuxZfqHEipJhRbp,199112,4,Dua Lipa,Dance The Night - From Barbie The Album
102,0.7,0.722,7,-3.558,0,0.0369,0.221,0.0,0.272,0.756,90.989,3tjFYV6RSFtuktYl3ZtYcq,140526,4,Taylor Swift,Cruel Summer
103,0.823,0.771,9,-6.055,0,0.0365,0.627,0.00101,0.271,0.658,122.015,1MoCNaJBVDOMSMJMhIEjCR,156885,4,Jung Kook,Seven (feat. Latto) (Explicit Ver.)
104,0.585,0.436,10,-8.761,1,0.0601,0.721,1.31e-05,0.105,0.132,143.874,7lPN2DXiMsVn7XUKtOW1CS,242014,4,Jain,Makeba
105,0.88,0.751,7,-4.258,0,0.0874,0.177,6.43e-05,0.106,0.884,117.948,2tnVG71enUj33Ic2nFN6kZ,157606,4,Olivia Rodrigo,vampire
106,0.652,0.722,0,-7.629,0,0.0316,0.0205,0.0,0.153,0.285,140.966,79pcq6d3893iSt6Jtq50IC,109800,4,FIFTY FIFTY,Cupid - Twin Ver.
107,0.799,0.66,1,-6.153,0,0.079,0.256,0.0,0.111,0.471,140.04,02kDW379Yfd5PzW5A6vuGt,195429,4,Nicki Minaj,Barbie World (with Aqua) [From Barbie The Album]
108,0.868,0.795,11,-6.044,1,0.269,0.0012,0.0193,0.0461,0.819,166.0,1M4OcYkxAtu3ErzSgDEfoi,156945,4,David Kushner,Daylight
109,0.72,0.744,1,-6.938,0,0.12,0.237,0.0,0.255,0.619,78.953,2Lhdl74nwwVGOE2Gv35QuK,243773,4,Lana Del Rey,Say Yes To Heaven
110,0.798,0.62,8,-7.079,0,0.232,0.414,0.0192,0.112,0.235,120.031,6f3Slt0GbA2bPZlz0aIFXN,164000,4,Deribb,Say You Love Me - Remix
111,0.668,0.804,10,-5.005,0,0.36,0.0767,0.0,0.194,0.644,123.112,5JfypFrG72bBZ5Z0uLWkeD,118064,4,PinkPantheress,Boy's a Liar Pt. 2
112,0.73,0.907,2,-3.72,1,0.0606,0.0921,0.114,0.23,0.249,120.968,2cSdAkzAf2T4j4aLvx4LLz,111074,4,Libianca,People
113,0.612,0.782,8,-4.618,1,0.0598,0.00261,0.0,0.432,0.321,125.849,3QclFWAS0G1gssGbRYKow8,124881,4,Arctic Monkeys,I Wanna Be Yours
114,0.653,0.524,11,-9.016,0,0.0502,0.112,0.0,0.203,0.553,83.97,6tDDoYIxWvMLTdKpjFkc1B,160191,4,Yung Pooda,Somebody
115,0.539,0.615,1,-8.746,0,0.252,0.173,0.0056,0.144,0.493,163.924,6u3CPnFMKANYgfdiifFOiJ,214693,4,Dave,Sprinter
116,0.789,0.742,10,-5.664,0,0.0652,0.0681,0.0,0.166,0.661,116.965,5VipERQ1ofCowecoFg2MVU,167990,4,Peggy Gou,(It Goes Like) Nanana - Edit
117,0.436,0.655,1,-8.37,0,0.0583,0.499,8.1e-06,0.688,0.412,121.002,3YJJjQPAbDT7mGpX3WtQ9A,279204,4,Sam Smith,Unholy (feat. Kim Petras)
118,0.709,0.548,10,-8.493,1,0.353,0.65,1.59e-06,0.133,0.543,83.995,1tkg4EHVoqnhR6iFEXb60y,160000,4,Metro Boomin,Creepin' (with The Weeknd & 21 Savage)
119,0.547,0.865,7,-5.058,0,0.0483,0.0141,0.0,0.245,0.638,159.87,3OgPctJpAjlqPsGWl0NeoF,166354,4,Andy Dust,Lucky You
120,0.935,0.454,1,-7.509,1,0.375,0.0194,0.0,0.0824,0.357,133.073,4Oun2ylbjFKMPTiaSbbCih,187541,4,Lijay,I love freaks (Sexyy’s Version)
121,0.767,0.481,0,-8.52,0,0.0803,0.234,0.0,0.269,0.761,150.076,1xQ6trAsedVPCdbtDAmk0c,171375,4,The Weeknd,Die For You - Remix
122,0.81,0.511,5,-6.924,0,0.164,0.12,0.0,0.0832,0.837,151.947,6zFMeegAMYQo0mt8rXtrli,154998,4,SZA,Kill Bill
123,0.806,0.544,9,-8.354,0,0.0624,0.68,2.8e-05,0.11,0.474,100.037,4uvgv5P5mb6zsoS7BlO0K1,168000,4,The Neighbourhood,Sweater Weather
124,0.662,0.413,0,-7.357,1,0.0299,0.213,0.0,0.134,0.467,93.005,27OeeYzk6klgBh83TSvGMA,161385,4,Jourdin Pauline,ROCKSTAR
125,0.746,0.69,11,-7.956,1,0.164,0.247,0.0,0.101,0.497,89.977,7ytR5pFWmSjzHJIeQkgog4,181733,4,Miley Cyrus,Flowers
126,0.784,0.679,8,-7.129,0,0.12,0.562,6.71e-06,0.103,0.476,92.023,7krqmxxUvvLUpJzbHgBlws,125217,4,Harry Styles,As It Was
127,0.83,0.585,0,-6.476,1,0.094,0.237,0.0,0.248,0.485,109.978,6Im9k8u9iIzKMrmV7BWtlF,173711,4,Doechii,What It Is (Solo Version)
128,0.613,0.624,11,-6.66,0,0.206,0.496,0.0,0.283,0.803,62.948,4slSrbTK1sNK4I1mDYEthf,167917,5,Nu Aspect,Sinner
129,0.399,0.492,6,-10.777,0,0.0538,0.058,0.00101,0.11,0.159,91.066,1fah1uAs7HeTYDlNftKr3K,210463,4,RAYE,Escapism.
130,0.48,0.602,10,-6.335,0,0.368,0.487,0.0,0.0848,0.269,179.798,5rZlwNFl01HqLWBQGryKSm,213333,4,Ghost,Mary On A Cross
131,0.889,0.34,11,-7.773,0,0.0697,0.218,0.13,0.055,0.716,94.009,54bFM56PmE4YLRnqpW6Tha,174321,4,Oceanside,King
132,0.823,0.586,6,-6.606,0,0.2,0.114,0.0,0.193,0.347,125.971,0PvFJmanyNQMseIFrU708S,190476,4,Devstacks,Where Yo Swag
133,0.819,0.642,5,-7.037,1,0.189,0.336,0.0,0.0735,0.452,138.026,0y9fkzOaaQy4Up22BGUbIp,129241,4,Rema,Calm Down (with Selena Gomez)
134,0.776,0.509,0,-6.266,0,0.467,0.192,1.49e-06,0.115,0.485,94.634,4w47S36wQGBhGg073q3nt7,129371,4,KAROL G,TQG
135,0.68,0.729,5,-5.077,1,0.0475,0.612,0.0,0.224,0.446,123.97,4DpNNXFMMxQEKl7r0ykkWA,179867,4,YES YES,Tie me down
136,0.688,0.716,7,-5.702,1,0.0385,0.0969,0.0,0.0989,0.373,116.912,3aA6xB0tOilDDX17fIJ0Bl,284480,3,Nicky Youre,Sunroof
137,0.764,0.705,3,-5.279,0,0.0278,0.0371,1.94e-05,0.0943,0.672,101.003,0y60itmpH0aPKsFiGxmtnh,196520,4,Thierry Von Der Warth,Paradise (feat. Modi)
138,0.853,0.637,3,-5.924,0,0.331,0.129,0.0,0.267,0.496,86.048,1rlIrbWboTRGeKfHhgbJRZ,156195,4,David Guetta,I'm Good (Blue)
139,0.728,0.431,6,-9.966,0,0.0622,0.749,0.0,0.0996,0.629,130.022,5RqR4ZCCKJDcBLIn4sih9l,147800,4,Luke Combs,Fast Car
140,0.693,0.887,1,-5.039,0,0.0795,0.0581,2.71e-06,0.27,0.864,114.942,5pyoxDZ1PX0KxBxiRVxA4U,278282,4,Tom Odell,Another Love
141,0.961,0.461,9,-8.684,1,0.27,0.202,0.00402,0.162,0.324,108.028,0PXukVbYpvz40KcEFKnIw7,207640,4,Coi Leray,Players
142,0.716,0.537,0,-7.648,0,0.0514,0.233,0.0,0.157,0.28,129.979,39Yp9wwQiSRIDOvrVg7mbk,165978,4,Sarah de Warren,This Is The Life
143,0.826,0.615,1,-4.729,0,0.137,0.435,0.00631,0.334,0.841,102.999,6vzLbfskWigBsCzNdB0kfE,175884,4,JVKE,golden hour
144,0.707,0.955,10,-4.593,0,0.222,0.127,0.0,0.202,0.575,125.989,78qd8dvwea0Gosb6Fe6j3k,134240,4,Steve Lacy,Bad Habit
145,0.626,0.79,2,-4.302,1,0.0311,0.135,3.97e-06,0.0989,0.416,119.082,3CeCwYWvdfXbZLXFhBrbnf,235767,4,Sade,Smooth Operator - Single Version
146,0.954,0.696,10,-7.117,0,0.204,0.00576,0.000498,0.0754,0.432,100.036,4Hpib09wXgD84w4uwTPnYD,139413,4,Taylor Swift,Anti-Hero
147,0.689,0.292,1,-8.834,1,0.0468,0.518,0.0,0.0837,0.494,81.068,5Qn9MoIUmMMTfztrCTxEbV,123611,4,SZA,Nobody Gets Me
148,0.843,0.741,11,-5.609,1,0.334,0.0252,0.0,0.096,0.68,168.983,55CHeLEfn5iJ0IIkgaa4si,155497,4,Armani White,BILLIE EILISH.
149,0.774,0.554,0,-7.909,1,0.0383,0.207,0.0,0.132,0.349,99.034,22LAwLoDA5b4AaGSkg6bKW,162547,4,RIBELLU,Summertime Sadness
150,0.73,0.729,4,-3.434,0,0.0884,0.167,1.39e-06,0.349,0.467,113.011,017PF4Q3l4DBUiWoXk4OWT,221820,4,The Weeknd,I Was Never There
151,0.653,0.945,5,-2.634,1,0.096,0.00561,0.915,0.439,0.325,126.093,665AK0ovB11McZRwfa852G,198095,4,OneRepublic,I Ain't Worried
152,0.896,0.586,10,-6.687,0,0.0559,0.104,0.0,0.79,0.642,116.971,0nbXyq5TXYPCO7pr3N8S4I,196653,4,Pawl,Solita
153,0.863,0.631,7,-4.689,1,0.0534,0.305,3.04e-05,0.123,0.817,128.977,4nK5YrxbMGZstTLbvj6Gxw,223480,4,Miguel,Sure Thing
154,0.83,0.49,1,-8.82,0,0.209,0.289,3.04e-06,0.113,0.845,81.604,466cKvZn1j45IpxDdYZqdA,247059,4,Nicki Minaj,Super Freaky Girl
155,0.794,0.793,11,-4.521,0,0.0842,0.0125,0.0,0.0952,0.677,123.941,6WrI0LAC5M1Rw2MnX2ZvEg,183290,4,Scott Rill,Got Away
156,0.63,0.633,4,-7.088,1,0.0457,0.00776,0.0,0.0541,0.452,93.995,3Z8FwOEN59mRMxDCtb8N0A,172762,4,Chris Brown,Under The Influence (Body Language)
157,0.806,0.546,9,-6.637,1,0.0575,0.3,0.0,0.102,0.874,147.986,4umIPjkehX1r7uhmGvXiSV,212867,4,d4vd,Here With Me
158,0.676,0.609,2,-5.831,0,0.481,0.0706,0.0,0.152,0.508,142.037,5yY9lUy8nbvjM1Uyo1Uqoc,237735,4,Drake,Rich Flex
159,0.923,0.604,11,-6.671,0,0.245,0.017,0.0,0.272,0.826,145.062,3Q6F8RByyhRTJpRtZLY3cg,139741,4,Lizzo,About Damn Time
160,0.878,0.525,5,-6.832,1,0.0578,0.183,0.0,0.0714,0.694,112.022,1Cv1YLb4q0RzL6pybtaMLo,158571,4,d4vd,Romantic Homicide
161,0.787,0.673,11,-4.583,0,0.159,0.264,3.35e-06,0.0904,0.779,110.962,3Dv1eDb0MEgF93GpLXlucZ,237893,4,Beyoncé,CUFF IT
162,0.717,0.55,10,-6.019,0,0.0521,0.0358,0.00196,0.126,0.332,96.976,3UGIZ8qcrMTwzLbx6Kttqt,171333,4,Glass Animals,Heat Waves
163,0.667,0.719,7,-5.371,0,0.0346,0.00285,8.1e-05,0.0736,0.717,100.021,7szuecWAPwGoV1e5vGu8tl,237520,4,THE ANXIETY,Meet Me At Our Spot
164,0.726,0.431,8,-8.765,0,0.135,0.731,0.0,0.696,0.348,144.026,7eJMfftS33KTjuF7lTsMCx,173333,4,The Kid LAROI,STAY (with Justin Bieber)
165,0.829,0.792,2,-3.755,0,0.0668,0.726,5.83e-06,0.122,0.758,118.05,0tZkVZ9DeAa0MNK2gY5NtV,215507,4,Imagine Dragons,Enemy (with JID) - from the series Arcane League of Legends
166,0.769,0.787,11,-3.909,1,0.367,0.189,0.0,0.129,0.836,126.77,6Ozh9Ok6h4Oi1wUSLtBseN,159715,4,Joji,Glimpse of Us
167,0.802,0.591,8,-4.895,1,0.225,0.0104,0.0,0.196,0.309,139.864,6gi6y1xwmVszDWkUqab1qw,157712,4,Imagine Dragons,Bones
168,0.907,0.332,1,-9.828,1,0.0836,0.326,0.0168,0.109,0.277,99.998,4z2JaAVPemYJhFKm7e32RA,106031,4,Oceanside,Good Riddance (Time of Your life)
169,0.621,0.601,6,-5.616,0,0.148,0.0522,0.0,0.46,0.457,116.735,696DnlkuDOXcMAnKlTgXXK,163636,5,Stephen Sanchez,Until I Found You
170,0.649,0.716,11,-6.232,1,0.0445,0.0879,0.03,0.0824,0.503,124.968,2lZHCWCUkxLuQ5skJhkoyS,235813,4,Jack Harlow,First Class
171,0.847,0.678,9,-8.635,1,0.109,0.0669,0.0,0.274,0.811,97.984,5dW1VZPcFqB4n0P08rGDgm,200594,4,Oceanside,Demons
172,0.798,0.675,6,-5.041,1,0.0442,0.0912,0.0,0.0894,0.842,101.956,3HVWdVOQ0ZA45FuZGSfvns,219947,4,Elley Duhé,MIDDLE OF THE NIGHT
173,0.778,0.559,6,-7.109,0,0.0776,0.128,0.0,0.399,0.678,129.989,7aiClxsDWFRQ0Kzk5KI5ku,185093,1,Beach Weather,"Sex, Drugs, Etc."
174,0.851,0.541,0,-6.825,1,0.0505,0.568,0.0,0.13,0.448,124.959,7fa9MBXhVfQ8P8Df9OEbD8,235545,4,DJ Zaro,Creepin'
175,0.752,0.488,6,-7.05,1,0.0705,0.297,9.11e-06,0.0936,0.533,136.041,5p7ujcrUXASCNwRaWNHR1C,201661,4,Meghan Trainor,NO
176,0.516,0.358,8,-12.018,0,0.424,0.743,1.3e-06,0.0813,0.397,79.509,0sHFw13WH3LtSB3yP8UMYJ,124000,4,Jt5k,Control
177,0.7,0.848,8,-5.473,1,0.217,0.317,0.0,0.349,0.29,124.056,6997op11buHVAiqQvjqNHr,129693,4,Hotel Ugly,Shut up My Moms Calling
178,0.64,0.74,4,-4.083,1,0.0284,0.0115,0.00678,0.167,0.785,116.879,6K4t31amVTZDgR3sKmwUJJ,216320,4,GAYLE,abcdefu
179,0.609,0.692,1,-2.958,1,0.0259,0.0157,0.0,0.0864,0.454,116.959,2eAvDnpXP5W0cVtiI0PUxV,233720,3,Pawl,Sway
180,0.529,0.673,0,-4.711,1,0.175,0.000307,2.41e-06,0.093,0.366,165.921,3F5CgOj3wFlRv51JsHbxhe,218365,4,Ice Spice,In Ha Mood
181,0.633,0.639,2,-6.883,1,0.039,0.582,1.93e-06,0.187,0.249,119.866,7cNT6Gwj8TpxoRTYBllsQs,182000,4,Majesto,Dancing on My Own
182,0.82,0.611,9,-5.02,0,0.122,0.0766,2.5e-05,0.0684,0.637,127.883,7aonAWn0J0AJ47ZU9WHCXC,133134,4,Lil Uzi Vert,Just Wanna Rock
183,0.706,0.824,0,-7.959,1,0.0694,0.355,0.000133,0.111,0.86,94.98,1SgUjGzbmmMOsGFTVwQ59L,132000,4,Rag'n'Bone Man,Human
184,0.98,0.413,8,-11.052,0,0.101,0.671,7.95e-05,0.17,0.764,119.993,6Pgmqg15yVexuOgtzuxwoX,180139,4,Will Ryte,Fast Track
185,0.789,0.711,2,-4.248,1,0.041,0.0332,0.0,0.0876,0.753,112.985,59qrUpoplZxbIZxk6X0Bm3,190306,4,Bizarrap,"Shakira: Bzrp Music Sessions, Vol. 53"
186,0.667,0.79,11,-5.973,0,0.0353,0.0255,9.26e-05,0.159,0.687,94.982,2aYtoXS1afFB4fWeowhxew,198306,4,Rosa Linn,SNAP
187,0.732,0.911,6,-5.222,0,0.0601,0.0136,0.0666,0.374,0.695,123.026,5YbUGPHKbBf7iIikpKLTXU,144952,4,Majesto,Bad Day
188,0.807,0.565,7,-8.2,0,0.129,0.486,0.0,0.104,0.356,99.999,6hGswOd1p5Pzv57IpBUhV3,115050,4,Yung Gravy,Betty (Get Money)
189,0.89,0.46,2,-8.155,1,0.0359,0.432,0.0,0.11,0.677,112.555,0DGTcMqvVR7fmBXgiG6jz4,176078,3,Baby Tate,"Hey, Mickey!"
190,0.669,0.773,0,-5.619,1,0.153,0.038,0.0,0.113,0.377,93.923,7DwcBgdzqhFJltEaV1XF81,185857,4,Anitta,Envolver
191,0.752,0.679,1,-6.98,1,0.0502,0.319,0.0,0.146,0.592,124.939,46Yo35BizLRd5RGCSMeKFe,157440,4,Post Malone,Circles
192,0.578,0.912,1,-3.929,1,0.114,0.0166,0.00362,0.273,0.68,127.87,40SBS57su9xLiE1WqkXOVr,177525,4,Boostereo,Loser
193,0.575,0.606,3,-8.964,1,0.0366,0.769,0.000468,0.108,0.411,99.982,1C5hCTVjM0GyeM7D3OwS1F,139200,4,RAZZ,Broken Love
194,0.745,0.65,2,-11.814,1,0.346,0.0451,0.00758,0.111,0.386,144.047,5vUnjhBzRJJIAOJPde6zDx,152137,4,HALO,Edamame
195,0.756,0.697,8,-6.377,1,0.0401,0.182,0.0,0.333,0.956,94.996,2DB4DdfCFMw1iaR6JaR03a,206071,4,Lil Uzi Vert,Watch This - ARIZONATEARS Pluggnb Remix
196,0.792,0.895,1,-3.112,0,0.0589,0.165,0.0,0.0501,0.794,94.968,4QtiVmuA88tPQiCOHZuQ5b,201526,4,Coldplay,Yellow
197,0.668,0.728,0,-8.052,1,0.0692,0.276,0.0,0.195,0.253,95.075,7FoxSpPGsjgWLaJXwawkrv,204000,4,Lil Nas X,INDUSTRY BABY (feat. Jack Harlow)
198,0.714,0.728,10,-4.595,1,0.0468,0.298,0.0,0.106,0.901,114.996,1qEmFfgcLObUfQm0j1W2CK,177955,4,Able Heart,Whisper - Nander Remix
199,0.826,0.444,8,-9.573,1,0.153,0.0567,6.51e-06,0.135,0.45,144.944,7nGzfZfCpAjgxGWlYjjy6D,92793,4,Meghan Trainor,Made You Look
200,0.808,0.897,11,-3.712,0,0.0348,0.0469,3.14e-05,0.364,0.591,126.026,6PQ88X9TkUIAUIZJHW2upE,231041,4,Alex Alexander,Wasting Time
201,0.6,0.738,3,-5.75,1,0.0558,0.269,5.92e-06,0.261,0.532,122.97,77vuduDMvc9p6MlZ1PTmSe,163482,4,Pawl,Medusa
202,0.795,0.8,1,-6.32,1,0.0309,0.0354,7.25e-05,0.0915,0.934,116.032,7rglLriMNBPAyuJOMGwi39,202735,4,Will Ryte,Icy
203,0.843,0.7,4,-3.563,0,0.0803,0.0934,0.0,0.14,0.899,93.991,1ri9ZUkBJVFUdgwzCnfcYs,226088,4,Pharrell Williams,Just A Cloud Away
204,0.87,0.523,1,-8.052,0,0.0602,0.433,2.07e-05,0.113,0.319,110.02,09gysnJpfQ3ublBmJDfcEC,204764,4,Post Malone,Cooped Up (with Roddy Ricch)
205,0.727,0.739,8,-3.805,1,0.0411,0.365,0.00137,0.161,0.533,93.005,2Xr1dTzJee307rmrkt8c0g,145800,4,Ninski,Orbit
206,0.624,0.666,9,-7.208,1,0.0573,0.636,0.0,0.178,0.344,119.886,0iYiVnd2u4CyC3mcPtRIzS,164000,4,LF SYSTEM,Afraid To Feel
207,0.737,0.846,1,-4.51,0,0.22,0.00614,0.0,0.0486,0.546,87.981,0e8nrvls4Qqv5Rfa2UhqmO,143901,4,Oceanside,Imagine
208,0.587,0.742,6,-6.64,0,0.0529,0.0128,0.00107,0.146,0.199,145.007,73vIOb4Q7YN6HeJTbscRx5,206000,4,JNR CHOI,TO THE MOON
209,0.855,0.463,3,-7.454,1,0.0367,0.217,1.77e-05,0.347,0.866,102.931,7BoobGhD4x5K96Me0hqC8Q,122773,4,Camila Cabello,Bam Bam (feat. Ed Sheeran)
210,0.912,0.594,10,-4.894,0,0.226,0.0319,0.00122,0.123,0.514,123.07,1bjhYUwKUHEg5fHknxFObO,234093,4,Sofía Reyes,"1, 2, 3 (feat. Jason Derulo & De La Ghetto)"
211,0.864,0.412,1,-5.886,1,0.273,0.458,0.00087,0.124,0.654,99.992,1I4lCSP69P74nU3a6Su5L2,97209,4,Majesto,Price Tag
212,0.872,0.69,5,-4.305,0,0.0568,0.0196,0.0,0.231,0.863,114.0,2yicVJl6Tv5Nmb3FiJEb8S,154755,4,Harry Styles,Late Night Talking
213,0.688,0.836,10,-6.891,0,0.0398,0.0719,0.000476,0.182,0.476,115.067,6DlnAYqZhPz8QHnhXNEsYr,129391,4,Jt5k,BestFriend
214,0.7,0.49,0,-5.187,1,0.076,0.186,0.0,0.117,0.569,79.982,0eu4C55hL6x29mmeAjytzC,161803,4,Ed Sheeran,Bad Habits
215,0.708,0.782,2,-4.687,1,0.0674,0.00772,0.0,0.107,0.484,119.997,3ggtU1ZOKO8ZNiqPNyXGcm,160880,4,99 Percent,Never Going Back Home
216,0.535,0.388,7,-9.805,0,0.155,0.507,0.0,0.11,0.412,106.703,5dXWFMwD7I7zXsInONVl0H,174000,5,Elton John,Cold Heart - PNAU Remix
217,0.711,0.701,11,-7.267,1,0.176,0.0413,1.16e-05,0.119,0.322,135.947,0l0a4JzF9vGE67LnQ2FF8z,204706,4,Becky G,MAMIII
218,0.824,0.764,5,-4.175,0,0.0854,0.0888,0.00294,0.117,0.881,107.998,6Uj1ctrBOjOas8xZXGqKk4,172627,4,Amaarae,SAD GIRLZ LUV MONEY Remix (feat. Kali Uchis and Moliy)
219,0.642,0.636,9,-6.498,0,0.0263,0.071,0.0,0.0599,0.234,100.053,08xOPwL2c182SQBAQ5Vt4j,195900,4,CKay,love nwantiti (ah ah ah)
220,0.586,0.616,5,-7.964,1,0.0324,0.182,0.0,0.0927,0.719,148.088,7MAibcTli4IisCtbHKrGMh,242096,4,Oceanside,So Sick
221,0.721,0.809,9,-7.541,1,0.0933,0.0123,0.00682,0.086,0.525,150.006,6IwelRdP2JSNK33V7NT8Yd,145600,4,Lil Nas X,THATS WHAT I WANT
222,0.646,0.471,10,-9.247,1,0.157,0.122,0.0,0.125,0.455,170.084,3nOz1U41SZZ0N3fuUWr9nb,232813,4,Oliver Tree,Miss You
223,0.632,0.818,7,-3.375,0,0.0506,0.0267,0.0,0.0898,0.617,123.993,1SW4DLVcfj3Q6pwHw555OM,170323,4,Bella Poarch,Build a Bitch
224,0.791,0.862,9,-3.24,0,0.11,0.037,2.19e-05,0.0814,0.592,123.994,7ef4DlsgrMEH11cDZd32M6,214847,4,Frank Ocean,Lost
225,0.736,0.751,8,-5.588,1,0.034,0.0381,0.0,0.105,0.839,150.064,7cdy4PbCdDZZNjyxoZyE0c,209722,4,Duke & Jones,Jiggle Jiggle
226,0.689,0.569,5,-9.286,0,0.0873,0.793,1.46e-06,0.0979,0.359,92.994,6DGNFyds4RkJKwa6z9Tt2e,113548,4,99 Percent,Can't Help Myself
227,0.762,0.701,8,-3.541,1,0.0286,0.235,0.000158,0.123,0.742,110.968,748mdHapucXQri7IAO8yFK,208867,4,PRSM,Waves
228,0.833,0.434,2,-8.795,1,0.431,0.0102,0.0219,0.165,0.281,150.062,0VgkVdmE4gld66l8iyGjgx,204600,4,Oliver Tree,Life Goes On
229,0.714,0.8,11,-4.808,0,0.0504,0.127,0.0,0.359,0.589,134.002,3Wrjm47oTz2sjIgck11l5e,211560,4,Trinidad Cardona,Dinero
230,0.715,0.728,11,-5.64,0,0.032,0.179,0.0,0.338,0.366,117.979,4sZFyn9PmmtEQxejqWLCOi,166780,4,SZA,I Hate U
231,0.563,0.664,9,-5.044,1,0.154,0.335,0.0,0.0849,0.688,166.928,4ZtFanR9U6ndgddUvNcjcG,178147,4,Alpha Morris,Miles Away
232,0.671,0.673,11,-6.941,0,0.0444,0.15,5.16e-05,0.304,0.493,121.96,1TLwVV7m4TFZJrsG9qGVXh,237720,4,Doja Cat,Woman
233,0.691,0.829,0,-7.179,1,0.0412,0.0289,0.0,0.254,0.866,93.059,6FvSS3Goz7OC8oCC2eWqe8,169154,4,Oceanside,Show Me The Meaning Of Being Lonely
234,0.691,0.473,4,-9.719,0,0.0434,0.601,0.000101,0.108,0.576,76.49,1e0tRVTB2K7bN7AvPdN6p5,100392,4,Bruno Mars,Leave The Door Open
235,0.706,0.633,1,-9.584,1,0.0419,0.267,0.0192,0.175,0.375,110.005,6lknMmJZALXxx7emwwZWLX,120157,4,DJ Zaro,Summer Jam
236,0.498,0.59,1,-4.721,0,0.032,0.511,0.0,0.107,0.0784,145.867,1wVuPmvt6AWvTL5W2GJnzZ,217867,4,Emmy Meli,I AM WOMAN
237,0.778,0.695,4,-6.865,0,0.0913,0.175,0.0,0.15,0.472,149.996,3Ofmpyhv5UAQ70mENzB277,132780,4,Boostereo,Dark Side
238,0.717,0.671,0,-5.077,0,0.0337,0.0018,2.54e-06,0.0921,0.699,110.054,6f5ExP43esnvdKPddwKXJH,160657,4,Calvin Harris,One Kiss (with Dua Lipa)
239,0.918,0.434,9,-9.541,1,0.173,0.569,3.14e-06,0.123,0.75,109.997,6NWdgyVsjp2bJ11PToXCr1,188735,4,Dirty Heads,Vacation
240,0.741,0.475,2,-7.665,1,0.205,0.0214,0.0,0.351,0.597,166.016,5TiaU2Q2JZQzO59aV8vtcP,158160,4,Will Ryte,Wet
241,0.859,0.633,5,-7.623,1,0.104,0.106,0.0,0.116,0.506,144.857,62qzkpyXUXdPjHWejde9K8,121655,4,Doja Cat,Kiss Me More (feat. SZA)
242,0.712,0.972,10,-0.514,1,0.112,0.00547,7.06e-05,0.128,0.568,119.966,6qyS9qBy0mEk3qYaH8mPss,145000,4,Future,Mask Off
243,0.629,0.547,10,-13.123,0,0.055,0.72,0.00314,0.0604,0.197,108.375,75FEaRjZTKLhTrFGsfMUXR,298933,4,Måneskin,Beggin'
244,0.674,0.549,1,-11.852,0,0.0777,0.251,0.000825,0.34,0.368,121.97,7pD4OQbklqSKYjU3wo9q8w,145542,4,PRSM,Tainted Love
245,0.766,0.74,1,-10.363,1,0.0807,0.0193,0.0784,0.229,0.183,118.008,0Fs9cdPDhptWEDJmiCbkEW,296520,4,Olivia Rodrigo,good 4 u
246,0.708,0.834,8,-5.219,0,0.0318,0.00144,0.000914,0.109,0.494,123.009,3GHHMFQzeuStWfG45ee3FA,129756,4,Jaymes Young,Infinity
247,0.604,0.366,5,-7.519,1,0.0282,0.578,0.0,0.133,0.13,141.981,46IZ0fSY2mpAiktS3KOqds,224695,4,Tesher,Jalebi Baby (Tesher x Jason Derulo)
248,0.722,0.669,6,-6.915,0,0.341,0.081,0.0,0.0706,0.438,153.931,2zy0hweEndWyds17TTqBkt,105325,4,Will Ryte,Guarded
249,0.81,0.836,1,-7.721,0,0.0645,0.0515,0.229,0.0598,0.0585,139.979,1GfBLbAhZUWdseuDqhocmn,146571,4,Madonna,Frozen
250,0.625,0.85,4,-3.904,1,0.0495,0.346,0.000233,0.174,0.633,94.661,25FTMokYEbEWHEdss5JLZS,241667,4,Bruno Mars,Talking to the Moon
251,0.664,0.609,1,-6.509,1,0.0707,0.304,0.0,0.0926,0.194,130.041,3Vi5XqYrmQgOYBajMWSvCi,210560,4,Masked Wolf,Astronaut In The Ocean
252,0.707,0.833,7,-4.922,1,0.0468,0.1,1.87e-05,0.232,0.51,123.988,6D5UZC67k5Em3z2UfMNqxG,195776,4,NEIKED,Better Days (NEIKED x Mae Muller x Polo G)
253,0.831,0.554,1,-9.998,0,0.218,0.161,6.12e-05,0.152,0.396,140.026,7hU3IHwjX150XLoTVmjD0q,168228,4,Erica Banks,Buss It
254,0.345,0.941,9,-9.918,1,0.0466,3.84e-05,0.633,0.0511,0.407,179.626,7EkWXAI1wn8Ii883ecd9xr,147062,4,Alex Alexander,When Hello Means Goodbye
255,0.514,0.73,1,-5.934,1,0.0598,0.00146,9.54e-05,0.0897,0.334,171.005,0VjIjW4GlUZAMYd2vXMi3b,200040,4,Rhino Beats,Like That
256,0.741,0.691,11,-6.39,0,0.0248,0.0051,0.00815,0.0933,0.827,112.015,1v6wmQg54jBEGpARPrry7N,136213,4,Kordhell,Murder In My Mind
257,0.95,0.693,9,-3.424,1,0.0898,0.0133,0.0,0.173,0.891,130.02,5zNW5ARjYhJQJz1AChP33n,184635,4,Kate Bush,Running Up That Hill (A Deal With God)
258,0.713,0.676,10,-5.483,1,0.027,0.0377,0.0,0.154,0.721,99.048,5zFglKYiknIxks8geR8rcL,227395,4,Sherman de Vries,Let Me Down Slowly
259,0.744,0.526,4,-8.87,0,0.0584,0.0214,0.0,0.132,0.219,149.926,15hXAUgUFmDiHcCC0xkKei,93000,4,J. Cole,She Knows (feat. Amber Coffman & Cults)
260,0.789,0.536,6,-6.862,1,0.242,0.41,0.0,0.129,0.437,81.039,43PGPuHIlVOc04jrZVh9L6,165926,4,BAYZY,Would I Lie To You
261,0.855,0.488,3,-4.601,1,0.208,0.506,0.0,0.347,0.619,124.097,5lAnYvAIkSDNXqfo7DyFUm,174253,4,Adele,Easy On Me
262,0.831,0.842,0,-4.945,1,0.0276,0.112,0.000338,0.0832,0.695,120.031,5Jo1DvQ6auXLFx6QD3SC5I,124958,4,Jt5k,Switch Up
263,0.775,0.652,0,-9.906,1,0.152,0.00757,0.000598,0.105,0.922,143.08,6QHXcb0eFwOKZOZ9bOFmxm,198042,4,Skrillex,Rumble
264,0.872,0.872,1,-6.328,1,0.139,0.0476,0.00112,0.0543,0.809,116.948,2aI21FnmY7TJVKeMaoQZ0t,223080,4,Wheatus,Teenage Dirtbag
265,0.75,0.838,9,-5.132,1,0.124,0.194,7.99e-06,0.313,0.397,123.89,0oJNUbobAD9a4oVjJGOqGy,144245,4,Doja Cat,Need to Know
266,0.722,0.893,0,-3.255,0,0.0475,0.0441,0.000937,0.0673,0.439,119.932,3iw6V4LH7yPj1ESORX9RIN,116750,4,Joakim Molitor,Hurts Like Hell
267,0.799,0.543,10,-6.094,0,0.24,0.0512,0.0425,0.134,0.25,187.906,1yLTcitjbEJr7a4jyDB0Lz,85742,4,LISA,MONEY
268,0.78,0.718,3,-3.605,0,0.0506,0.31,0.000163,0.0932,0.342,127.949,4fSIb4hdOQ151TILNsSEaF,199604,4,Surf Curse,Freaks
269,0.677,0.696,0,-6.181,1,0.119,0.321,0.0,0.42,0.464,90.03,4iJyoBOLtHqaGxP12qzhQI,198082,4,The Weeknd,Blinding Lights
270,0.649,0.899,2,-6.763,1,0.0365,0.013,3.67e-05,0.106,0.333,128.034,4p5AebH0oGdzLakzHjCdR4,140781,4,Alex Alexander,Dopamine
271,0.736,0.802,0,-4.759,1,0.0864,0.468,0.0,0.094,0.675,144.005,7igeByaBM0MgGsgXtNxDJ7,172325,4,Megan Thee Stallion,Thot Shit
272,0.758,0.913,6,-2.926,0,0.113,0.00364,6.92e-05,0.193,0.658,128.04,0b18g3G5spr4ZCkz7Y6Q0Q,186210,4,Maroon 5,Beautiful Mistakes (feat. Megan Thee Stallion)
273,0.58,0.696,7,-10.91,1,0.0408,0.66,0.852,0.145,0.721,93.688,2lDODk7inZnmUHbIjUnIwP,111787,4,Jt5k,Mind Racing
274,0.702,0.825,6,-3.787,0,0.0601,0.00883,0.0,0.0674,0.915,102.977,5nujrmhLynf4yMoMtj8AQF,203064,4,Polo G,RAPSTAR
275,0.939,0.682,11,-5.931,1,0.306,0.00152,0.0,0.0552,0.584,130.022,3QqYZWQLn0evKMIRlGJeeR,154806,4,Doja Cat,Ain't Shit
276,0.907,0.393,4,-7.636,0,0.0539,0.451,1.35e-06,0.135,0.202,104.949,5Kskr9LcNYa0tpt5f0ZEJx,205458,4,Lucas Estrada,That Could Be Us
277,0.885,0.685,11,-6.429,0,0.0627,0.33,0.0,0.148,0.937,99.954,2D0dj3hVkRQJCp63cxCPEx,144000,4,ALTÉGO,Toxic Pony
278,0.828,0.621,8,-6.414,1,0.0565,0.0164,0.00233,0.0845,0.436,128.986,0k4d5YPDr1r7FX77VdqWez,186173,4,Nelly Furtado,Say It Right
279,0.719,0.648,3,-7.6,0,0.125,0.2,0.0,0.127,0.66,140.201,5vGLcdRuSbUhD8ScwsGSdA,123263,4,Nito-Onna,Heart of Glass
280,0.611,0.797,6,-7.627,0,0.0533,0.00543,0.00137,0.26,0.518,120.041,2GiJYvgVaD2HtM8GqD9EgQ,218107,4,Nathan Evans,Wellerman - Sea Shanty / 220 KID x Billen Ted Remix
281,0.601,0.703,7,-6.24,1,0.0379,0.175,8.4e-05,0.571,0.673,106.164,2cX2coZS1PYBfPs8wgbdWE,196213,4,Reyanna Maria,So Pretty
282,0.824,0.862,2,-3.424,1,0.126,0.0076,0.000132,0.303,0.801,122.98,4cG7HUWYHBV6R6tHn1gxrl,169153,4,Rauw Alejandro,Todo De Ti
283,0.733,0.785,6,-7.127,1,0.0993,0.295,2.42e-05,0.152,0.531,123.968,3jUifuwKaLSuCwq3loTTAP,127258,4,Justin Bieber,Peaches (feat. Daniel Caesar & Giveon)
284,0.781,0.728,1,-4.981,1,0.0621,0.0509,1.94e-06,0.257,0.395,102.99,0NTMtAO2BV4tnGvw9EgBVq,219306,4,LIZZIP,End Of Time
285,0.511,0.612,9,-7.782,0,0.268,0.39,0.0,0.109,0.363,200.086,2sPEFgSC3kp9Kyc6PWEQi3,105600,4,Ariana Grande,positions
286,0.868,0.538,5,-8.603,1,0.174,0.269,3.34e-06,0.0901,0.732,99.968,2IGMVunIBsBLtEQyoI1Mu7,231750,4,Majestic,Rasputin
287,0.671,0.845,11,-4.93,0,0.048,0.0207,0.0,0.329,0.775,110.056,1vYXt7VSjH9JIM5oRRo7vA,176579,4,VANO 3000,Running Away
288,0.552,0.702,9,-5.707,1,0.157,0.117,2.06e-05,0.105,0.564,169.994,1BxfuPKGuaTgP7aM0Bbdwr,178427,4,Dua Lipa,Levitating (feat. DaBaby)
289,0.802,0.832,11,-4.107,1,0.0434,0.311,0.0,0.0815,0.89,124.997,7x9aauaA9cu6tyfpHnqDLo,185427,4,Kayla Nicole,Bundles (feat. Taylor Girlz)
290,0.824,0.656,2,-9.432,1,0.0704,0.388,0.506,0.253,0.418,116.068,5JdLUE9D743ob2RtgmVpVx,249533,4,Lil Tjay,Calling My Phone
291,0.511,0.532,5,-5.745,1,0.056,0.169,0.0,0.311,0.322,137.827,3k79jB4aGmMDUQzEwa46Rz,219724,4,Curtis Waters,Stunnin' (feat. Harm Franklin)
292,0.783,0.592,11,-8.332,0,0.0331,0.435,4.15e-06,0.347,0.726,120.018,7FbrGaHYVDmfr7KoLIZnQ7,174253,4,Doja Cat,You Right
293,0.77,0.58,0,-8.393,1,0.247,0.519,0.000127,0.233,0.753,144.072,741UUVE2kuITl0c6zuqqbO,109750,4,CJ,Whoopty
294,0.508,0.43,2,-9.475,0,0.0335,0.83,0.000441,0.093,0.324,130.09,1odExI7RdWc4BT515LTAwj,212954,4,BØRNS,Electric Love
295,0.49,0.352,6,-11.577,0,0.0254,0.709,0.0856,0.114,0.166,99.992,6GGtHZgBycCgGBUhZo81xe,209156,4,Bee Gees,More Than A Woman
296,0.74,0.495,0,-11.493,0,0.203,0.415,0.0,0.232,0.748,107.073,2Gfxp84BKn7TSrTen1nj65,155725,4,Riton,Friday (feat. Mufasa & Hypeman) - Dopamine Re-Edit
297,0.696,0.809,5,-8.254,1,0.05,0.252,0.000128,0.248,0.857,132.962,6AQbmUe0Qwf5PZnt4HmTXv,131013,4,SI US PLAU,Mirror
298,0.573,0.422,10,-7.621,0,0.0678,0.551,1.31e-05,0.102,0.693,124.357,26b3oVLrRUaaybJulow9kz,184791,5,Rihanna,Bitch Better Have My Money
299,0.464,0.417,0,-9.345,0,0.0256,0.136,0.022,0.0974,0.479,67.528,5XeFesFbtLpXzIVDNQP22n,183956,4,Will Ryte,Never Cross
300,0.65,0.86,11,-4.742,0,0.275,0.133,0.0,0.134,0.336,149.904,5tCadSOz6WNCNr049GkZgK,170766,4,JANFRY,Miss You
301,0.916,0.583,1,-8.067,1,0.241,0.186,0.0,0.0798,0.661,141.095,2FDTHlrBguDzQkp7PVj16Q,226383,4,Maluma,Hawái
302,0.671,0.876,7,-5.681,0,0.0352,0.12,0.188,0.0823,0.964,129.998,23RoR84KodL5HWvUTneQ1w,231545,4,24kGoldn,Mood (feat. iann dior)
303,0.714,0.472,2,-7.375,1,0.0864,0.013,4.51e-06,0.266,0.238,131.121,3nqQXoyQOWXiESFLlDF1hG,156943,4,Dame Dame,Lies
304,0.715,0.62,1,-6.005,0,0.0484,0.417,0.0,0.0822,0.172,97.95,2dHHgzDwk4BJdRwy9uXhTO,221520,4,Olivia Rodrigo,drivers license
305,0.711,0.828,1,-5.529,0,0.0402,0.124,1.69e-05,0.22,0.549,120.009,4xfe65RFV2JTGCc9Of8jZY,142000,4,Regard,Ride It
306,0.721,0.439,2,-12.686,1,0.281,0.0712,1.91e-06,0.103,0.211,141.884,4SC64uYq1eUnWhYbahqK6y,163696,4,Jt5k,Top Down
307,0.531,0.525,1,-6.5,0,0.0671,0.232,0.0,0.441,0.502,66.9,7oDd86yk8itslrA9HRP2ki,232857,4,Internet Money,Lemonade
308,0.644,0.735,8,-5.747,1,0.0391,0.0521,0.144,0.161,0.418,88.98,1Qrg8KqiBpW07V7PNxwwwL,153947,4,Cardi B,Up
309,0.612,0.807,10,-2.81,1,0.0336,0.0495,0.0177,0.101,0.398,124.053,2QjOHCTQ1Jl3zawyYOpxh6,240400,4,Gym Class Heroes,Cupid's Chokehold / Breakfast in America
310,0.843,0.644,8,-7.33,1,0.0693,0.0251,0.0103,0.092,0.411,104.985,0AtZRrAMpCmGJrvUpbeWvG,219877,4,Tiësto,The Business
311,0.707,0.681,0,-4.325,1,0.0668,0.0632,5.15e-06,0.0322,0.646,117.999,0yLdNVWF3Srea0uzk55zFn,200455,4,Arem Ozguc,Hush Hush
312,0.52,0.731,6,-5.338,0,0.0557,0.342,0.00101,0.311,0.662,173.93,4LRPiXqCikLlN15c3yImP7,167303,4,Disco Lines,Baby Girl
313,0.74,0.758,1,-5.851,0,0.0921,0.061,1.44e-06,0.0967,0.757,171.925,73RbfOTJIjHzi2pcVHjeHM,189825,4,MØRFI,Leave Before You Love Me
314,0.707,0.934,0,-5.911,1,0.0395,0.0967,0.207,0.085,0.546,135.99,1WumDA51R5dHvmRVhmoP6t,191166,4,Kali Uchis,telepatía
315,0.538,0.742,2,-5.355,1,0.114,0.138,4.67e-05,0.0934,0.25,96.107,5WxVXxCMRnvxUKFq40ELwq,272373,4,Brent Faiyaz,"GRAVITY (FEAT. TYLER, THE CREATOR)"
316,0.466,0.9,11,-4.469,1,0.0447,0.000235,0.00104,0.103,0.561,130.02,0LOo3MYjiSzIOLjSd9wZUw,244804,4,Ariana Grande,motive (with Doja Cat)
317,0.298,0.729,0,-4.498,0,0.1,0.219,0.0,0.222,0.351,207.844,3FLtWk8DRjMimRt84JJJOF,159231,4,SZA,Good Days
318,0.641,0.53,5,-7.0,0,0.0489,0.213,0.296,0.145,0.154,137.035,43XLGvvItKyClvRFhN9UOE,140303,4,Pop Smoke,What You Know Bout Love
319,0.801,0.806,11,-5.206,1,0.0381,0.382,0.000669,0.114,0.802,106.999,0WtM2NBVQNNJLh6scP13H8,239318,4,ASTELLE,K Boy Bye
320,0.72,0.63,4,-3.547,0,0.277,0.673,0.0,0.0936,0.607,179.974,0DWdj2oZMBFSzRsi2Cvfzf,199440,4,Cardi B,WAP (feat. Megan Thee Stallion)
321,0.773,0.77,2,-6.252,0,0.132,0.108,0.000282,0.137,0.733,126.044,2baHEhQsSyEkkCrCtyhs76,112857,4,Jawsh 685,Savage Love (Laxed - Siren Beat)
322,0.768,0.716,10,-5.11,1,0.0404,0.35,0.0,0.15,0.841,131.43,3RfTeIrWS8LNrfHYwechtt,163026,4,Lil Nas X,HOLIDAY
323,0.835,0.609,8,-7.073,1,0.0535,0.262,0.000987,0.126,0.531,111.867,45Q8FBzKZSIG5KsIe7VabG,132525,4,Will Ryte,No Love
324,0.561,0.965,7,-3.673,0,0.0343,0.00383,7.07e-06,0.371,0.304,128.04,4uUG5RXrOk84mYEfFvj3cK,175238,4,The Kid LAROI,WITHOUT YOU
325,0.712,0.603,8,-5.52,1,0.0262,0.186,0.0,0.115,0.67,97.994,1Lo0QY9cvc8sUB2vnIOxDT,265493,4,DaBaby,ROCKSTAR (feat. Roddy Ricch)
326,0.445,0.537,4,-8.532,0,0.04,0.695,1.65e-05,0.0944,0.131,122.769,3JvKfv6T31zO0ini8iNItO,244360,4,Will Ryte,Palm of My Hand
327,0.954,0.516,6,-5.817,1,0.16,0.03,7.54e-06,0.0504,0.624,105.001,6UN73IYd0hZxLi8wFPMQij,139560,4,Ariana Grande,34+35
328,0.741,0.879,1,-5.225,0,0.0536,0.178,2.86e-06,0.0671,0.429,103.075,3vnmnrIuNrlNfrrrzZ69me,177520,4,S1mba,Rover (feat. DTG)
329,0.515,0.593,4,-4.801,1,0.0322,0.653,0.162,0.25,0.153,94.467,5odlY52u43F5BjByhxg7wg,209260,3,Ritt Momney,Put Your Records On
330,0.686,0.494,1,-7.093,1,0.0355,0.613,5.8e-05,0.402,0.7,168.946,4k6Uh1HXdhtusDW5y8Gbvy,232067,4,Pop Smoke,Mood Swings (feat. Lil Tjay)
331,0.734,0.58,9,-6.619,0,0.0321,0.238,0.0006,0.0298,0.962,119.336,1Hv1VTm8zeOeybub15mA2R,258693,4,Billie Eilish,Therefore I Am
332,0.637,0.643,4,-6.571,1,0.0519,0.13,1.8e-06,0.142,0.533,97.008,0V3wPSX9ygBnCm8psDIegu,200690,4,Pop Smoke,For The Night (feat. Lil Baby & DaBaby)
333,0.358,0.284,7,-8.285,1,0.0285,0.805,0.0,0.183,0.276,99.796,5Y35SjAfXjjG0sFQ3KOxmm,180853,3,Claire Rosinkranz,Backyard Boy
334,0.9,0.509,1,-6.647,1,0.257,0.115,1.67e-06,0.0937,0.765,100.007,27ZZdyTSQWI7Cug2d2PkqV,99283,4,ROSALÍA,TKN (feat. Travis Scott)
335,0.446,0.98,3,-6.336,0,0.507,0.023,1.95e-06,0.135,0.162,75.216,5DNdWiAS4z7ZXMmzJEHOzY,150400,4,Melanie Martinez,Play Date
336,0.323,0.737,10,-4.008,1,0.0338,0.142,0.000162,0.163,0.155,113.26,1cKHdTo9u0ZymJdPGSh6nq,241067,4,Doja Cat,Freak
337,0.704,0.797,0,-5.927,1,0.0475,0.0826,0.000745,0.0546,0.825,139.994,4h9wh7iOZ0GGn8QVp4RAOB,148486,4,WILLOW,Wait a Minute!
338,0.73,0.81,1,-5.121,0,0.0353,0.0723,0.0212,0.293,0.633,128.016,779nxgE1KYu965I94KgpVq,155000,4,Quavo,FLIP THE SWITCH (feat. Drake)
339,0.684,0.607,11,-8.127,0,0.1,0.0267,0.000307,0.191,0.498,81.001,0JXXNGljqupsJaZsgSbMZV,195373,4,StaySolidRocky,Party Girl
340,0.95,0.891,2,-2.653,1,0.241,0.0645,1.77e-05,0.309,0.912,133.01,4C6Uex2ILwJi9sZXRdmqXp,170977,4,Beyoncé,BREAK MY SOUL
341,0.729,0.62,9,-4.811,0,0.034,0.457,5.33e-06,0.158,0.373,121.037,0CndCU5436CjNotHgwtnzp,172562,4,Young T & Bugsey,Don't Rush (feat. Headie One)
342,0.62,0.62,1,-6.322,0,0.0375,0.0388,0.000213,0.129,0.459,144.835,71mHO4fFmS2Xu5XxZbcRND,148751,4,THE SCOTTS,THE SCOTTS
343,0.574,0.469,4,-8.209,1,0.0254,0.534,9.21e-05,0.128,0.288,132.023,78Sw5GDo6AlGwTwanjXbGh,242485,4,SAYGRACE,Boys Ain't Shit
344,0.561,0.52,11,-9.342,0,0.244,0.0503,1.86e-06,0.355,0.424,153.15,1bDbXMyjaUIooNwFE9wn0N,239360,3,Doja Cat,Boss Bitch
345,0.836,0.743,10,-6.305,0,0.0656,0.0995,0.0,0.335,0.722,108.966,1PckUlxKqWQs3RlWXVBLw3,191822,4,Taylor Swift,Love Story (Taylor’s Version)
346,0.571,0.544,6,-10.613,1,0.0299,0.453,0.00805,0.322,0.216,132.052,1xK59OXxi2TAAAbmZK0kBL,132631,4,Saweetie,Tap In
347,0.78,0.689,7,-5.668,1,0.141,0.0368,9.69e-06,0.0698,0.642,115.042,1xzi1Jcr7mEi9K2RfzLOqS,225389,4,Jt5k,Don't Let Go
348,0.761,0.525,11,-6.9,1,0.0944,0.44,6.7e-06,0.0921,0.531,80.87,02MWAaffLxlfxAUY7c5dvx,238805,4,Megan Thee Stallion,Savage
349,0.773,0.47,2,-7.93,1,0.0299,0.0153,0.000193,0.0851,0.399,94.995,07MDkzWARZaLEdKxo6yArG,162680,4,Lil Mosey,Blueberry Faygo
350,0.591,0.764,1,-5.484,1,0.0483,0.0383,0.0,0.103,0.478,169.928,5HCyWlXZPP0y6Gqq8TgA20,141806,4,Dua Lipa,Break My Heart
351,0.728,0.783,11,-4.424,0,0.266,0.237,0.0,0.434,0.555,77.011,1r9xUipOqoNwggBpENDsvJ,173381,4,Vicetone,Astronomia
352,0.44,0.317,8,-9.258,1,0.0531,0.891,4.78e-06,0.141,0.268,169.914,6xGruZOHLs39ZbVccQTuPZ,233456,3,Roddy Ricch,The Box
353,0.772,0.75,5,-3.67,0,0.0455,0.0201,0.0,0.074,0.587,114.061,54ipXppHLA8U4yqpOFTUhr,165265,4,BENEE,Supalonely
354,0.645,0.857,9,-6.67,1,0.0426,0.518,0.00465,0.113,0.134,99.998,20EJtity8DbJwFTYZ9Vrma,114000,4,Drake,Toosie Slide
355,0.539,0.508,10,-6.05,1,0.0288,0.727,0.0,0.174,0.227,101.358,0T5iIrXA4p5GsubkhuBIKV,177720,3,Dua Lipa,Don't Start Now
356,0.905,0.563,8,-6.135,1,0.102,0.0254,9.71e-06,0.113,0.324,106.998,1rDQ4oMwGJI7B4tovsBOxc,173948,4,Marshmello,Be Kind (with Halsey)
357,0.676,0.573,0,-8.53,1,0.15,0.24,0.0,0.313,0.174,103.951,0jx8H4rFYE5MHWSXxi4qd8,199615,4,Justin Bieber,Intentions (feat. Quavo)
358,0.41,0.611,4,-8.271,0,0.0467,0.0228,0.0,0.116,0.0899,185.727,58HvfVOeJY7lUuCqF0m3ly,184448,3,Future,Life Is Good (feat. Drake)
359,0.572,0.839,4,-5.083,0,0.0377,0.013,0.00976,0.522,0.465,143.969,7DbdUf8aHSYoliSjO6LZv6,196784,4,Jack Harlow,WHATS POPPIN
360,0.862,0.719,10,-6.859,0,0.0843,0.0512,0.0279,0.202,0.717,119.964,4rYkt5CKnr4MiXBtrBjywM,142000,4,Surfaces,Sunday Best
361,0.557,0.803,1,-3.599,0,0.213,0.0124,1.61e-06,0.737,0.657,92.134,0l0CvurVUrr2w3Jj1hOVFc,213507,4,Doja Cat,Say So
362,0.796,0.599,1,-9.335,1,0.0942,0.184,0.0,0.143,0.659,95.08,1LuSmQmlWDCRj2uqJMogIX,93500,4,Justin Bieber,Boyfriend
363,0.485,0.409,9,-10.711,0,0.101,0.325,0.0,0.103,0.376,138.419,3hxIUxnT27p5WcmjGUXNwx,164571,4,The Weeknd,In Your Eyes
364,0.695,0.54,4,-5.692,1,0.0493,0.299,0.0,0.367,0.415,121.932,4fouWK6XVHhzl78KzQ1UjL,168602,4,Powfu,death bed (coffee for your head)
365,0.759,0.827,4,-5.855,0,0.0314,0.0423,0.026,0.274,0.843,125.004,3ezLpCn8tnn5OGqShUBuyl,158090,4,Breakbot,Baby I'm Yours
366,0.768,0.74,0,-6.595,1,0.336,0.696,6.81e-06,0.23,0.532,141.059,0yUaLqhsVsguBpoOPL4cO7,129362,4,DaBaby,BOP
367,0.658,0.803,0,-6.98,1,0.05,0.0807,2.76e-05,0.397,0.502,120.017,2B8zzwX1ck0CitF80Ni4Gt,226500,4,JACKBOYS,OUT WEST (feat. Young Thug)
368,0.486,0.545,11,-7.924,1,0.0336,0.0652,0.00474,0.0642,0.0385,150.187,4FyesJzVpA39hbYvcseO2d,123891,4,DripReport,Skechers
369,0.602,0.707,9,-4.097,1,0.302,0.393,0.0,0.165,0.554,75.087,58zsLZPvfflaiIbNWoA22O,200187,4,Arizona Zervas,ROXANNE
370,0.706,0.766,11,-6.654,1,0.0391,0.137,0.0,0.107,0.334,91.006,2vRFSkJHOudg2ejPgufbCi,101538,4,Bag Raiders,Shooting Stars
371,0.778,0.632,2,-5.6,0,0.0493,0.274,0.0,0.0915,0.498,122.104,4nrPB8O7Y7wsOCJdgXkthe,218289,4,Blanco Brown,The Git Up
372,0.563,0.639,0,-8.205,1,0.0684,0.107,1.06e-05,0.446,0.518,169.985,0QPRDC97rIQB3Jh3hrVJoH,179551,4,Ed Sheeran & Justin Bieber,I Don't Care (with Justin Bieber)
373,0.6,0.568,11,-8.138,1,0.0429,0.144,0.0,0.274,0.177,90.119,4YqBTDdMUeWB8LEfMkEKT2,178667,4,blackbear,hot girl bummer
374,0.723,0.772,1,-6.784,1,0.0792,0.00524,1.15e-05,0.367,0.58,102.004,4cacyP5c3PMlfnyjpg13xW,146471,4,Maroon 5,Girls Like You (feat. Cardi B) - Cardi B Version
375,0.912,0.507,2,-11.952,1,0.0587,0.579,0.0,0.167,0.725,134.978,3RKjTYlQrtLXCq5ncswBPp,115556,4,Halsey,Without Me
376,0.812,0.736,4,-5.421,0,0.0833,0.152,0.00254,0.0914,0.396,91.993,3IAfUEeaXRX9s9UdKOJrFI,193806,4,Peachy!,Falling for U
377,0.695,0.762,0,-3.497,1,0.0395,0.192,0.00244,0.0863,0.553,120.042,21jGcNKet2qwijlDFuPiPb,215280,4,CPX,Demons
378,0.657,0.869,8,-4.843,0,0.0759,0.0874,6.01e-05,0.102,0.698,104.959,7lILHlOvIjJ3MSFbuoLblW,198000,4,Tame Impala,The Less I Know The Better
379,0.709,0.917,8,-6.202,0,0.105,0.086,0.737,0.86,0.186,131.984,2sru5unW8B5KguId0rGVA0,156501,4,Ruth B.,Dandelions
380,0.782,0.844,0,-5.705,1,0.0991,0.0886,0.0,0.304,0.633,114.957,4RG0VMPOZhil3rdqEEoV95,120000,4,Drake,Jimmy Cooks (feat. 21 Savage)
381,0.686,0.897,11,-7.18,0,0.0386,0.0103,0.103,0.153,0.355,129.975,0FA4wrjDJvJTTU8AepZTup,163139,4,Oceanside,Ghost
382,0.429,0.661,11,-7.227,1,0.0281,0.00239,0.000121,0.234,0.285,173.372,3AJwUDP919kvQ9QcozQPxg,266773,4,Sub Urban,INFERNO
383,0.736,0.704,3,-7.409,0,0.0615,0.0203,0.0,0.0501,0.894,149.995,27NovPIUIRrOZoCHxABJwK,212000,4,SEB,seaside_demo
384,0.65,0.896,7,-6.039,1,0.0688,0.00174,0.00241,0.23,0.313,119.928,0fhOxwnmDYlhN6ccDwI86G,157365,4,347aidan,Dancing in My Room
385,0.838,0.525,10,-3.562,1,0.0665,0.345,1.92e-06,0.0771,0.884,144.981,0QHEIqNKsMoOY5urbzN48u,134256,4,Jason Derulo,Take You Dancing
386,0.511,0.532,5,-5.745,1,0.0578,0.177,0.0,0.291,0.35,138.005,1kuGVB7EU95pJObxwvfwKS,219724,4,Olivia Rodrigo,vampire
387,0.841,0.738,7,-7.455,0,0.307,0.52,0.0,0.0892,0.484,169.918,5RqSsdzTNPX1uzkmlHCFvK,172798,4,KAROL G,QLONA
388,0.483,0.408,5,-9.243,0,0.0502,0.508,0.0,0.259,0.105,88.88,3RaCGXCiiMufRPoexXxGkV,310491,3,Drake,Slime You Out (feat. SZA)
389,0.628,0.523,11,-8.307,0,0.0946,0.701,0.00274,0.219,0.416,169.982,5mjYQaktjmjcMKcUIcqz4s,172965,4,Kenya Grace,Strangers
390,0.627,0.879,9,-3.446,1,0.0955,0.00193,6.87e-06,0.0647,0.748,129.979,3IX0yuEVvDbnqUwMBB3ouC,184784,4,Olivia Rodrigo,bad idea right?
391,0.668,0.712,5,-5.927,1,0.0381,0.369,2.13e-05,0.108,0.264,100.02,6XbtvPmIpyCbjuT0e8cQtp,186000,4,Quevedo,Columbia
392,0.75,0.733,6,-3.18,0,0.0319,0.256,0.0,0.114,0.844,111.018,3rUGC1vUpkDG9CZFHMur1t,131872,1,Tate McRae,greedy
393,0.546,0.846,5,-5.719,1,0.181,0.0135,0.0,0.607,0.74,162.043,2gyxAWHebV7xPYVxqoi86f,211141,4,Olivia Rodrigo,get him back!
394,0.464,0.417,0,-9.345,0,0.0256,0.136,0.022,0.0974,0.479,67.528,5XeFesFbtLpXzIVDNQP22n,183956,4,Arctic Monkeys,I Wanna Be Yours
395,0.644,0.735,8,-5.747,1,0.0391,0.0521,0.144,0.161,0.418,88.98,1Qrg8KqiBpW07V7PNxwwwL,153947,4,SZA,Kill Bill
396,0.579,0.63,8,-7.758,1,0.058,0.257,0.00462,0.0986,0.552,155.96,5h1BN75CEh8wdSwE1xrbSe,187027,4,V,Slow Dancing
397,0.52,0.731,6,-5.338,0,0.0557,0.342,0.00101,0.311,0.662,173.93,4Dvkj6JhhA12EX05fT7y2e,167303,4,Harry Styles,As It Was
398,0.575,0.845,0,-5.28,1,0.0852,0.393,0.0107,0.131,0.439,95.047,3xMHXmedL5Rvfxmiar9Ryv,200374,4,Anirudh Ravichander,Chaleya
399,0.916,0.583,1,-8.067,1,0.241,0.186,0.0,0.0798,0.661,141.095,2FDTHlrBguDzQkp7PVj16Q,226383,4,Dave,Sprinter
400,0.638,0.717,8,-5.804,1,0.0375,0.001,1.79e-06,0.113,0.422,141.904,59NraMJsLaMCVtwXTSia8i,132359,4,cassö,Prada
401,0.707,0.681,0,-4.325,1,0.0668,0.0632,5.15e-06,0.0322,0.646,117.999,4DHcnVTT87F0zZhRPYmZ3B,200455,4,Miley Cyrus,Flowers
402,0.535,0.395,10,-7.805,1,0.0634,0.597,6.78e-05,0.0969,0.488,157.795,25OeKzcqakFPaJlXHPE5lm,186456,3,Carin Leon,Primera Cita
403,0.859,0.658,11,-4.79,1,0.159,0.145,0.0,0.12,0.672,100.065,6XSqqQIy7Lm7SnwxS4NrGx,195987,4,Feid,Classy 101
404,0.43,0.692,6,-4.234,1,0.0429,0.254,4.17e-06,0.148,0.401,156.261,34sOdxWu9FljH84UXdRwu1,165834,4,Olivia Rodrigo,all-american bitch
405,0.776,0.817,5,-6.018,0,0.0748,0.18,3.44e-05,0.146,0.515,149.921,5sdQOyqq2IDhvmx2lHOpwd,154667,4,NewJeans,Super Shy
406,0.679,0.587,7,-7.015,1,0.276,0.141,6.35e-06,0.137,0.486,186.003,7MXVkk9YMctZqd1Srtv4MB,230453,4,The Weeknd,Starboy
407,0.855,0.678,1,-6.276,1,0.189,0.0569,3.69e-05,0.412,0.852,99.029,6WzRpISELf3YglGAh7TXcG,215467,4,The Weeknd,Popular (with Playboi Carti & Madonna) - Music from the HBO Original Series
408,0.571,0.72,9,-4.089,1,0.0458,0.213,0.0,0.271,0.542,83.827,2yzshFeBIwH8tWIqHEFLeD,194563,4,Grupo Frontera,un x100to
409,0.812,0.479,2,-5.678,0,0.333,0.213,1.21e-06,0.0756,0.559,169.922,2UW7JaomAMuX9pZrjVpHAU,234353,4,Yng Lvcas,La Bebe - Remix
410,0.831,0.759,1,-3.627,0,0.0502,0.277,0.0,0.125,0.244,107.961,6irysuQyZWd7Bjj7ePiOs2,231693,4,Jhayco,Holanda
411,0.598,0.786,2,-5.572,1,0.0383,0.00253,0.0016,0.117,0.456,95.019,4lIxdJw6W3Fg4vUIYCB0S5,231000,4,Taylor Swift,Style
412,0.753,0.678,5,-5.421,1,0.0644,0.085,1.64e-06,0.13,0.583,96.006,1p80LdxRV74UKvL8gnD7ky,231827,4,Taylor Swift,Blank Space
413,0.728,0.494,6,-9.628,0,0.0256,0.516,0.00384,0.0759,0.558,105.007,5PUXKVVVQ74C3gl5vKy9Li,194857,4,Jasleen Royal,Heeriye (feat. Arijit Singh)
414,0.668,0.758,5,-5.176,0,0.0332,0.483,1.89e-05,0.0837,0.834,147.989,3qQbCzHBycnDpGskqOWY0E,165671,3,Eslabon Armado,Ella Baila Sola
415,0.586,0.525,1,-7.163,0,0.0615,0.111,0.0,0.134,0.508,133.629,2LBqCSwhJGcFQeTHMVGwy3,260253,4,The Weeknd,Die For You
416,0.634,0.725,5,-4.945,0,0.0587,0.0776,0.0,0.211,0.795,159.845,54zcJnb3tp9c5OVKREZ1Is,154375,4,KAROL G,MI EX TENÍA RAZÓN
417,0.726,0.698,5,-4.165,1,0.0431,0.049,0.0,0.309,0.867,143.994,3w3y8KPTfNeOKPiqUTakBh,233478,4,Bruno Mars,Locked out of Heaven
418,0.799,0.802,11,-5.196,1,0.0371,0.429,0.00128,0.171,0.811,107.008,1s7oOCT8vauUh01PbJD6ps,239318,4,Rema,Calm Down (with Selena Gomez)
419,0.671,0.876,7,-5.681,0,0.0352,0.12,0.188,0.0823,0.964,129.998,23RoR84KodL5HWvUTneQ1w,231545,4,Peggy Gou,(It Goes Like) Nanana - Edit
420,0.637,0.643,4,-6.571,1,0.0519,0.13,1.8e-06,0.142,0.533,97.008,0V3wPSX9ygBnCm8psDIegu,200690,4,Taylor Swift,Anti-Hero
421,0.548,0.307,10,-9.214,1,0.0781,0.916,0.0,0.0828,0.317,127.923,3Nl5OkkmS5DaBZvuYofpAt,189386,4,Olivia Rodrigo,the grudge
422,0.369,0.192,4,-12.151,0,0.04,0.555,8.35e-06,0.0954,0.148,175.212,3WMj8moIAXJhHsyLaqIIHI,228013,3,Zach Bryan,Something in the Orange
423,0.537,0.413,7,-7.736,1,0.0319,0.346,0.0,0.12,0.226,133.21,5CscrLqFBgPfZR8fGtikov,198867,4,Olivia Rodrigo,making the bed
424,0.455,0.379,3,-7.628,1,0.0341,0.803,0.0,0.109,0.413,76.967,6QT6j7rKt7Vk3IuV2AUO9W,177212,4,Olivia Rodrigo,lacy
425,0.385,0.873,1,-3.331,1,0.069,0.0557,0.0,0.353,0.469,120.393,5sp71CUt0jXRNqHblPGp7b,203369,4,Olivia Rodrigo,ballad of a homeschooled girl
426,0.499,0.246,7,-8.082,1,0.0345,0.853,0.0,0.1,0.153,81.051,53dtP2iUMvaF28JZcHnFuU,231907,4,Olivia Rodrigo,logical
427,0.52,0.831,9,-3.432,1,0.0968,0.00261,0.0,0.156,0.677,160.035,26QLJMK8G0M06sk7h7Fkse,154517,4,Olivia Rodrigo,love is embarrassing
428,0.57,0.67,1,-6.519,1,0.0274,0.426,0.0,0.108,0.593,140.924,0bILU0UiNDmA5Ff6whhb2R,178723,4,Bailey Zimmerman,Religiously
429,0.69,0.521,10,-8.492,0,0.339,0.324,0.0,0.0534,0.494,100.028,68Dni7IE4VyPkTOH9mRWHr,292799,4,J. Cole,No Role Modelz
430,0.732,0.839,9,-5.007,1,0.0345,0.265,0.0,0.602,0.629,119.724,5W4kiM2cUYBJXKRudNyxjW,157478,4,Morgan Wallen,You Proof
431,0.545,0.545,9,-7.362,1,0.107,0.667,5.48e-05,0.417,0.549,159.94,3xKsf9qdS1CyvXSMEid6g8,184516,3,Frank Ocean,Pink + White
432,0.554,0.854,2,-4.338,1,0.0561,0.00394,1.78e-06,0.0798,0.594,123.926,6W9l02gRsXVxzIuQC1oc1X,199422,4,Olivia Rodrigo,pretty isn’t pretty
433,0.529,0.673,0,-4.711,1,0.175,0.000307,2.41e-06,0.093,0.366,165.921,3F5CgOj3wFlRv51JsHbxhe,218365,4,Drake,Jimmy Cooks (feat. 21 Savage)
434,0.612,0.807,10,-2.81,1,0.0336,0.0495,0.0177,0.101,0.398,124.053,2QjOHCTQ1Jl3zawyYOpxh6,240400,4,The Neighbourhood,Sweater Weather
435,0.485,0.409,9,-10.711,0,0.101,0.325,0.0,0.103,0.376,138.419,3hxIUxnT27p5WcmjGUXNwx,164571,4,Hotel Ugly,Shut up My Moms Calling
436,0.505,0.657,11,-5.24,0,0.0318,0.373,0.00107,0.126,0.252,196.0,3cBsEDNhFI9E82vPj3kvi3,178520,3,Morgan Wallen,Wasted On You
437,0.642,0.706,7,-6.872,0,0.052,0.518,0.0,0.25,0.896,136.851,0JmnkIqdlnUzPaf8sqBRs3,187723,4,Kali Uchis,Moonlight
438,0.583,0.344,2,-8.765,1,0.0559,0.774,0.0,0.143,0.581,65.203,2J6OF7CkpdQGSfm1wdclqn,110129,3,Brent Faiyaz,Clouded
439,0.726,0.738,0,-4.788,1,0.355,0.0791,0.0,0.0297,0.896,121.953,4YQImHflXSiIMXntcwPkx8,175099,4,Cardi B,Bongos (feat. Megan Thee Stallion)
440,0.574,0.935,1,-2.783,1,0.0926,0.112,1.07e-06,0.367,0.836,166.008,7ovUcF5uHTBRzUpB6ZOmvt,213234,4,YOASOBI,アイドル
441,0.566,0.85,6,-4.431,0,0.0599,0.0663,0.0,0.319,0.722,117.048,0GWNtMohuYUEHVZ40tcnHF,238987,4,King Gnu,SPECIALZ
442,0.616,0.975,10,-0.425,0,0.208,0.172,1.62e-06,0.143,0.742,132.054,1rDgAHDX95RmylxjgVW9tN,189773,4,Ado,Show
443,0.479,0.898,1,-4.809,1,0.169,0.0134,0.0,0.297,0.639,151.99,12usPU2WnqgCHAW1EK2dfd,196467,4,Tatsuya Kitani,青のすみか
444,0.425,0.939,2,-3.498,1,0.054,0.00361,0.0,0.331,0.638,150.015,10zz9RZt9DnqcxNWksRNrx,224806,4,Vaundy,怪獣の花唄
445,0.485,0.946,6,-3.721,0,0.11,0.0068,0.0,0.289,0.621,130.059,5m21ZR5lO6U0tp9KENxuCc,251333,4,MY FIRST STORY,I'm a mess
446,0.671,0.758,7,-3.793,1,0.0474,0.0604,0.0,0.332,0.537,117.51,170XOP1T4MvY9TLTgPw07D,263107,4,Mrs. GREEN APPLE,Magic
447,0.736,0.695,7,-3.87,1,0.0468,0.0209,0.0,0.0517,0.784,109.976,4NaaF28BeO9WzjDrSS71Nz,203150,4,Mrs. GREEN APPLE,ダンスホール
448,0.497,0.649,2,-4.76,1,0.0325,0.117,0.0,0.17,0.317,146.056,5i8lwhzx9FyilInJWa5lhn,237740,4,shy taupe,rendez-vous
449,0.901,0.714,10,-3.918,1,0.125,0.246,0.0,0.0529,0.52,100.011,6twDMJoG8tzwL21LQ3EEtA,207053,4,BE:FIRST,Mainstream
450,0.31,0.891,4,-1.66,1,0.0469,0.00157,0.0,0.284,0.748,184.886,5BC6kr6etk2Y9J62AyI4i3,270027,4,Mrs. GREEN APPLE,青と夏
451,0.545,0.913,1,-3.565,1,0.0298,0.0107,0.00029,0.245,0.747,98.047,1H3qOzheTPhE7aVvJOWfvA,211920,4,SPITZ,美しい鰭
452,0.649,0.683,6,-6.49,1,0.0424,0.0313,0.0,0.118,0.381,130.0,4zrKPIygugUDKGFEjVwpSB,305509,4,OFFICIAL HIGE DANDISM,Subtitle
453,0.544,0.93,7,-1.974,1,0.0648,0.423,0.0,0.26,0.311,143.057,6SwATVDZUy3jha72jDyxe2,228920,4,Ryokuoushoku Shakai,サマータイムシンデレラ
454,0.812,0.64,1,-8.034,1,0.0564,0.0875,0.0,0.396,0.893,116.992,4ayU74yaWEgHHpaf1WJ313,151016,4,音田 雅則,fake face dance music
455,0.679,0.834,5,-3.223,1,0.032,0.343,5.74e-06,0.119,0.962,139.996,3wJHCry960drNlAUGrJLmz,198971,4,ヨルシカ,ただ君に晴れ
456,0.756,0.578,6,-4.575,0,0.0327,0.0306,0.0,0.0534,0.677,115.004,0teqQ0PYqVDyyXJuPOyMhu,272227,4,Mrs. GREEN APPLE,ケセラセラ
457,0.645,0.72,5,-4.515,1,0.0355,0.27,0.0,0.277,0.634,127.052,7jtXjZ3JViUo9M3ogYAapO,239107,4,Soushi Sakiyama,燈
458,0.502,0.632,0,-4.612,1,0.0273,0.447,0.0,0.103,0.308,152.014,1sIIlVrnPhrvmTrHtzM7tV,307067,4,Mrs. GREEN APPLE,点描の唄
459,0.642,0.289,10,-11.86,1,0.0472,0.763,0.0,0.0856,0.282,78.004,6x7SB38tuekpu4xpH9OIPY,273438,4,Kenshi Yonezu,地球儀 - Spinning Globe
460,0.812,0.749,10,-6.389,0,0.0397,0.108,0.0,0.0599,0.841,134.971,56v8WEnGzLByGsDAXDiv4d,151373,4,NewJeans,ETA
461,0.563,0.645,1,-4.53,1,0.0457,0.00845,8.06e-05,0.295,0.476,135.022,7gUuCeZLFynSj28GCjoiGG,237400,4,Conton Candy,ファジーネーブル
462,0.546,0.643,0,-6.647,0,0.0559,0.607,0.00087,0.155,0.431,94.851,5fhQl8OA678cElLUhnM9oE,217818,4,King Gnu,硝子窓
463,0.364,0.628,10,-6.142,1,0.0319,0.238,0.0,0.0931,0.612,93.792,7M0dIdZWN1FDcveRdoOzbZ,228760,3,Yuuri,ビリミリオン
464,0.628,0.775,2,-4.479,1,0.0535,0.159,0.0,0.33,0.674,106.382,3cBghvTcQNDNkW98Y4eGaP,278119,3,Tani Yuuki,W / X / Y
465,0.733,0.598,4,-9.453,0,0.0377,0.0307,1.7e-05,0.218,0.831,118.012,2Dzzhb1oV5ckgOjWZLraIB,197094,4,natori,Overdose
466,0.367,0.671,5,-4.604,1,0.0478,0.222,0.0,0.494,0.691,179.833,4JK1kDUdH9RTBQrrSO1QfR,230600,4,Yuuri,ベテルギウス
467,0.553,0.958,4,-3.159,0,0.073,0.0186,3.08e-05,0.297,0.541,170.045,7ajpbW6tBpqUI9foCtwlLw,196235,4,YOASOBI,祝福
468,0.48,0.669,5,-5.168,1,0.0431,0.0693,0.0,0.149,0.378,155.89,3YML5IHoqWbw9c9vJJvrvM,343253,4,Mrs. GREEN APPLE,Soranji
469,0.598,0.511,4,-6.015,1,0.0423,0.245,0.0,0.0732,0.652,171.845,5W7Y92LB4jWvu9NeEQ0GZl,219253,4,Macaroni Empitsu,なんでもないよ、
470,0.606,0.708,1,-6.983,1,0.0342,0.0205,0.000183,0.173,0.758,117.982,6rFRQKFyluXEJhM5ANu2XB,353340,4,OFFICIAL HIGE DANDISM,Nichijo
471,0.596,0.735,9,-6.362,1,0.0332,0.0748,0.0,0.269,0.524,108.106,4UALTBWz0OdQcjbTsjFceV,234324,4,Saucy Dog,Cinderella Boy
472,0.481,0.901,0,-5.629,1,0.163,0.0114,0.0,0.314,0.817,194.084,6wffxmLgeZTbvS1hYvLkht,288100,4,OFFICIAL HIGE DANDISM,Tattoo
473,0.424,0.761,10,-3.526,1,0.0305,0.0103,0.0,0.145,0.424,145.816,3RvdkNMcSy71m0aT6UF9Uf,288013,4,back number,水平線
474,0.818,0.777,7,-2.825,1,0.0625,0.195,0.0,0.731,0.688,114.001,6Pjzy9avwlVr4UAbxkQQmh,198520,4,XG,NEW DANCE
475,0.725,0.853,10,-3.193,1,0.0516,0.305,0.0,0.115,0.707,134.991,1zd35Y44Blc1CwwVbW3Qnk,248027,4,YOASOBI,群青
476,0.589,0.527,4,-8.332,1,0.0572,0.0932,0.000337,0.104,0.576,138.023,2vMc8rqFmqs7RFi8NDx0CJ,229333,4,Fujii Kaze,Garden
477,0.463,0.603,7,-5.464,1,0.0276,0.495,0.0,0.167,0.477,148.089,4kPlQKwtPrnqLgrmmKFSlA,286360,4,Yuuri,ドライフラワー
478,0.469,0.507,10,-6.21,1,0.0303,0.287,0.0,0.0773,0.469,170.028,2piySGAWgVwsRKm60SfOmF,240044,3,Aimyon,ai no hana
479,0.633,0.607,0,-6.182,0,0.0532,0.183,1.38e-06,0.167,0.363,74.029,2N0SPREDYqILVEFSsWF5N5,182293,4,V,Love Me Again
480,0.427,0.689,9,-4.35,1,0.0354,0.0918,0.0,0.102,0.733,178.077,4QlSFkbRxZWkHDF1MqBaEY,276083,4,Vaundy,そんなbitterな話
481,0.445,0.94,7,-4.16,1,0.175,2.77e-05,1.34e-05,0.32,0.349,150.082,6zjk7Qbwb9DZ4ykUUoqknh,286000,4,10-FEET,第ゼロ感
482,0.49,0.987,7,-2.279,1,0.253,0.049,3.24e-06,0.406,0.451,175.064,6A8NfypDHuwiLWbo4a1yca,226813,4,Ado,New Genesis
483,0.804,0.771,9,-4.067,0,0.0433,0.357,3.07e-06,0.108,0.739,126.956,65FftemJ1DbbZ45DUfHJXE,212253,4,NewJeans,OMG
484,0.836,0.771,7,-4.441,1,0.106,0.435,0.0,0.172,0.664,123.977,69lJz2fXXptw0YU5hF3L47,177581,4,MUKADE,KIMINOMAMA
485,0.516,0.791,3,-1.927,1,0.0318,0.00345,0.0,0.141,0.48,96.921,278JqkBGkjDovOYAwE8TW7,324633,4,OFFICIAL HIGE DANDISM,115万キロのフィルム
486,0.814,0.641,6,-5.957,0,0.111,0.027,0.0,0.0993,0.183,133.854,3r8RuvgbX9s7ammBn07D3W,185507,4,NewJeans,Ditto
487,0.747,0.867,0,-7.311,1,0.088,0.582,0.00413,0.114,0.684,124.015,3YgtkOxZsTuaZdL8McA1FQ,220653,4,Fred again..,adore u
488,0.62,0.935,1,-0.504,1,0.252,0.228,0.00443,0.0601,0.559,87.532,2ZWmmrWUgDBcPSLihBMvhg,177292,4,Chase & Status,"Baddadan (feat. IRAH, Flowdan, Trigga & Takura)"
489,0.504,0.976,0,-0.653,1,0.0946,0.00488,9.64e-05,0.139,0.368,175.048,602d2gJewoiF1FivuOMMwE,164571,4,Becky Hill,Disconnect
490,0.735,0.651,7,-9.25,0,0.112,0.329,0.000205,0.131,0.476,127.07,1ACFweuuvf6MHtptObgreR,169000,4,Jazzy,Giving Me
491,0.587,0.924,11,-5.433,0,0.0457,0.0311,0.0171,0.23,0.509,140.009,22dUzMFttcR3uU17NcOAIv,179162,4,Calvin Harris,Desire (with Sam Smith)
492,0.652,0.879,0,-6.405,1,0.0784,0.00284,0.0896,0.0918,0.789,173.925,5VxmI3IdgAxWVvUnJoLuY2,117810,4,Charli XCX,Speed Drive (From Barbie The Album)
493,0.477,0.854,4,-5.274,0,0.0896,0.0213,1.67e-05,0.19,0.395,126.965,4bz8Z7squfs2Yji2DwoujR,191591,4,Sonny Fodera,Asking
494,0.775,0.817,1,-4.921,1,0.0656,0.127,0.00273,0.215,0.386,140.033,0ZVjgfaC2Ptrod9v6p9KFP,169535,4,Hannah Laing,Good Love
495,0.352,0.911,1,-5.23,1,0.0747,0.00121,0.0,0.0995,0.236,148.033,003vvx7Niy0yvhvHt4a68B,222973,4,The Killers,Mr. Brightside
496,0.808,0.634,2,-6.764,0,0.172,0.0851,0.0,0.127,0.569,100.03,4RoKNqyZ9622tcAeNPNv5k,153347,4,Burna Boy,City Boys
497,0.673,0.722,3,-3.495,0,0.0755,0.0856,0.0,0.137,0.519,117.187,5aIVCx5tnk0ntmdiinnYvw,200256,4,Tyla,Water
498,0.691,0.631,2,-6.478,1,0.0368,0.0483,1.13e-05,0.104,0.8,92.004,086myS9r57YsLbJpU0TgK9,161124,4,Arctic Monkeys,Why'd You Only Call Me When You're High?
499,0.636,0.869,9,-5.289,1,0.0412,0.0378,0.0446,0.0808,0.306,143.011,5eTaQYBE1yrActixMAeLcZ,186496,4,Calvin Harris,Miracle (with Ellie Goulding)
500,0.742,0.839,5,-7.614,0,0.0618,0.00306,4.2e-05,0.106,0.346,126.03,3xIMkM5LgbVDkpO74O3Np3,156391,4,Troye Sivan,Rush
501,0.484,0.731,1,-6.694,1,0.0379,0.431,0.0,0.151,0.51,101.654,3JvrhDOgAt6p7K8mDyZwRd,204280,4,Vance Joy,Riptide
502,0.706,0.728,11,-4.606,0,0.332,0.155,0.0,0.0996,0.878,77.226,6kgaI3kHkqmRimeGQdS4Ga,208920,5,J Hus,Who Told You (feat. Drake)
503,0.492,0.81,7,-5.315,1,0.0847,0.0416,0.00379,0.117,0.245,149.954,1YLJVmuzeM2YSUkCCaTNUB,251840,4,Florence + The Machine,Dog Days Are Over
504,0.914,0.489,9,-7.722,1,0.0858,0.12,0.0,0.0852,0.559,108.072,3an1JVi8OsE0aG6dMS4Pes,136360,4,AYLIVA,Hässlich
505,0.634,0.824,2,-3.394,0,0.047,0.0908,0.0711,0.119,0.371,137.959,31nfdEooLEq7dn3UMcIeB5,178156,4,BENNETT,Vois sur ton chemin - Techno Mix
506,0.626,0.435,10,-8.812,1,0.336,0.506,0.000865,0.386,0.521,82.839,2EbO8k2jAHVRMVvUB77nNt,168147,4,AYLIVA,Weißes Haus
507,0.767,0.539,4,-8.518,0,0.0629,0.364,0.0397,0.0772,0.368,128.055,5YWu6dt50Nieq8qi572RF8,131524,4,SIRA,9 bis 9
508,0.774,0.7,1,-7.334,1,0.266,0.163,3.24e-05,0.169,0.624,81.99,3ilgxZl5g7MOQCUiky3VOG,147587,4,Pashanim,Ms. Jackson
509,0.837,0.944,0,-6.516,1,0.352,0.108,8.46e-05,0.107,0.681,169.975,7AOJcugo17Kr1WUheSI6Oq,157059,4,Luca-Dante Spadafora,Mädchen auf dem Pferd
510,0.49,0.379,0,-8.335,0,0.0318,0.747,3.05e-06,0.162,0.236,77.928,52Y1KkbSO4LI9MTCvZhP9Y,167947,4,AYLIVA,Scheine zählen
511,0.651,0.591,9,-5.972,0,0.0389,0.135,0.0,0.233,0.159,125.036,6XVSsVuzVUZ2zgRWB5xwef,141318,4,AYLIVA,In deinen Armen
512,0.38,0.545,5,-6.381,0,0.0451,0.114,0.000108,0.12,0.302,178.182,1VxlVMCopT232hOcBVybyj,157160,4,AYLIVA,Lass mich gehen
513,0.756,0.647,6,-5.488,0,0.159,0.279,4.69e-06,0.102,0.464,134.995,0gMTEHzNIyvxikxyUFFJxO,195466,4,Kontra K,Summertime
514,0.55,0.5,7,-5.779,0,0.045,0.285,0.0,0.116,0.351,115.016,7oQepKHmXDaPC3rgeLRvQu,167357,4,Udo Lindenberg,Komet
515,0.715,0.845,6,-4.183,1,0.137,0.0272,0.000709,0.21,0.647,170.028,4kcgrgZhd4h8chSAJ86mIq,137647,4,erobé,EWIGKEIT - REMIX
516,0.743,0.606,1,-8.774,0,0.161,0.0861,0.0,0.0913,0.292,93.123,2LCoh1sop5AYzRBVDHFoiK,146368,4,badmómzjay,Airplanes
517,0.792,0.679,9,-5.516,0,0.041,0.517,1.49e-05,0.0962,0.204,119.932,6JUeZ04YG6WIy937AgIPsR,151320,4,AYLIVA,Sie weiß (feat. Mero)
518,0.733,0.976,5,-5.305,1,0.045,0.0294,7.12e-05,0.25,0.523,144.989,0QlOkt8nkZ8zqu8xb2SHU8,163034,4,Niklas Dee,Not Fair
519,0.667,0.702,0,-8.49,0,0.169,0.219,4.3e-05,0.147,0.479,148.978,42Ztw2ZtZR3mtWjXpg0R5I,135302,4,Yung Yury,TABU.
520,0.828,0.438,2,-12.101,1,0.193,0.0794,0.0001,0.0878,0.619,107.089,7Mn6Tisa1wVvYusahnvjE5,96638,4,Sosa La M,Enchanté
521,0.735,0.806,2,-8.495,0,0.0678,0.253,0.000122,0.317,0.764,147.937,1CknK1sYAhoYxZEs5OfqEq,141026,4,Ski Aggu,mietfrei
522,0.692,0.732,8,-6.017,1,0.145,0.267,0.0,0.253,0.628,154.881,2FiJGvN3fiXMwms9IftNV0,188520,4,FiNCH,LiEBE AUF DER RÜCKBANK
523,0.726,0.853,9,-8.442,1,0.347,0.161,2.91e-05,0.0762,0.32,169.957,0SGtCOR4G9fx9PQq9shKkw,155671,4,Ski Aggu,Theater★
524,0.767,0.83,7,-8.78,1,0.206,0.209,0.836,0.0582,0.187,75.023,3AjSfp5FDvwtMU9XBsbS8j,139300,4,Creeds,Push Up - Main Edit
525,0.535,0.461,0,-7.578,0,0.0653,0.252,0.0,0.0665,0.321,169.472,0JryjPxWDTCBWgjTzuCrBY,171769,4,AYLIVA,Aber sie
526,0.69,0.84,11,-6.947,1,0.0573,0.0268,3.06e-05,0.363,0.493,129.935,2grS8y9w2vVp7sDJ3RnSx9,191365,4,twocolors,Cynical
527,0.648,0.707,9,-7.975,1,0.0817,0.152,0.0174,0.276,0.667,165.228,5FmcqoKNe4pZqWrCVlVASl,101695,4,SIRA,9 bis 9 Sped Up (Shirli Version)
528,0.79,0.979,11,-4.637,0,0.117,0.0177,0.000192,0.237,0.898,161.014,6tAKikIvnoWfUeZrfkopLL,146087,4,Ski Aggu,Friesenjung
529,0.478,0.665,4,-5.081,0,0.0447,0.118,0.000103,0.0958,0.0931,130.157,7pxyUIf4168eTcdry0kFue,142947,4,AYLIVA,Schwarzes Herz
530,0.701,0.857,0,-4.667,0,0.0432,0.0337,8.83e-05,0.122,0.232,164.965,6fsbuVwtZHq8bCfUOfmkNL,170580,4,Apache 207,Breaking your heart
531,0.549,0.869,6,-6.658,1,0.323,0.0355,0.000223,0.105,0.511,155.116,7MCNurIGh8Hg9SYaCPP9vv,156387,4,SDP,Ich will nur dass du weißt - IIVEN Remix
532,0.658,0.623,5,-5.882,0,0.334,0.362,0.00556,0.11,0.386,150.435,3dgOu83QnvkooEa4Jz2Msr,139234,5,Jazeek,Superstars
533,0.364,0.365,11,-9.496,0,0.0281,0.462,0.0,0.204,0.352,97.923,6UjSMW9LNAfLnzMKBvIHNh,152053,4,AYLIVA,Kal Yanimda
534,0.594,0.2,7,-8.837,0,0.059,0.907,0.0,0.147,0.311,109.814,77mILV6S1Tn90DC03KEcjP,167960,4,AYLIVA,Mir geht's gut :):
535,0.601,0.769,5,-5.504,0,0.394,0.0796,0.0,0.136,0.527,86.891,4evyMjgTKhrBfggfxFRAKr,172246,4,YAKARY,KETAMIN
536,0.505,0.833,7,-7.815,1,0.35,0.103,0.0539,0.612,0.138,164.934,5E3BK90EQQxmrDz3zLG2l9,120840,4,Baby B3ns,Schmetterling
537,0.862,0.729,0,-6.383,0,0.109,0.14,0.0,0.382,0.741,121.991,6sQeKztBbK0W1EVP7rDs78,162295,4,Jamal,BONITA (feat. AJ Tracey)
538,0.705,0.663,9,-5.289,0,0.0367,0.18,6.74e-06,0.0924,0.38,124.988,3IhM5Mber8KA0NaRNpK2px,140160,4,Tiësto,Lay Low
539,0.822,0.74,5,-9.163,1,0.0739,0.443,0.000893,0.0769,0.454,145.066,0dEvVBg3ArnuJ9WBnPzOcj,136552,4,Niclov,Feuer Wasser Sturm
540,0.743,0.809,8,-7.924,0,0.214,0.527,0.632,0.102,0.342,75.035,5TYmnScjaRecWuBqEaA7S5,155021,4,01099,Anders
541,0.602,0.363,1,-8.073,0,0.0387,0.406,0.0,0.133,0.194,121.964,7G2SsN4ZGxnye6WL8342gp,157827,3,AYLIVA,Schwer zu lieben
542,0.557,0.517,9,-10.967,1,0.0589,0.252,0.0,0.0795,0.185,139.959,5oUaUa8t6ld88QUCyYFb2H,198496,4,MilleniumKid,Unendlichkeit
543,0.795,0.732,0,-6.772,0,0.334,0.152,0.0,0.469,0.536,145.044,7H3DGTl4bKZAwxyhE5AflC,120744,4,6PM RECORDS,TRACKIES
544,0.534,0.747,1,-6.412,0,0.315,0.231,0.0,0.21,0.523,98.229,69zAnyBtarXinChSUq925t,196089,3,Werenoi,Magot
545,0.8,0.581,1,-5.925,0,0.244,0.126,3.82e-06,0.224,0.966,126.046,6z0GwK274ToNmvxfyYPuHw,217143,4,Jungeli,Petit génie
546,0.801,0.832,7,-4.579,0,0.208,0.677,2.86e-05,0.117,0.758,132.044,30D9x5LFgL2o9xidjX2wtE,189091,4,Soolking,Casanova
547,0.775,0.808,7,-4.568,0,0.0353,0.353,4.17e-05,0.207,0.638,125.013,2BvjmY4Mp5q1AHL0laetd6,189840,4,Heuss L'enfoiré,Saiyan
548,0.91,0.574,4,-5.952,0,0.0957,0.232,0.000128,0.323,0.587,115.025,73LBcJygFdRAiJfWkpnf2G,254609,4,Dave,Meridian
549,0.765,0.717,10,-7.877,0,0.349,0.456,1.01e-05,0.126,0.695,120.025,2ImdwbujxKFxN1UxEvf2dD,168620,4,KeBlack,LAISSE MOI
550,0.864,0.556,2,-7.683,0,0.194,0.255,3.85e-06,0.112,0.726,99.974,56y1jOTK0XSvJzVv9vHQBK,230480,4,Doja Cat,Paint The Town Red
551,0.724,0.593,9,-6.498,1,0.0766,0.508,0.0,0.196,0.624,141.901,4wNyrbY6B2Okii8VeKo2B2,152547,4,Tiakola,Meuda
552,0.784,0.784,9,-5.281,0,0.278,0.652,0.0,0.121,0.744,129.849,33KtDQsUTD89lXMCbgda0n,59129,4,Werenoi,Rolls Royce
553,0.764,0.564,6,-6.93,0,0.0802,0.395,0.0,0.0667,0.729,141.97,02RGARryimtGfuawXbKj8P,176110,4,Favé,Flashback
554,0.718,0.643,4,-7.473,0,0.16,0.441,0.0,0.113,0.645,131.825,0EzNyXyU7gHzj2TN8qYThj,176747,4,SDM,Bolide allemand
555,0.801,0.604,5,-6.525,0,0.21,0.463,0.00378,0.111,0.534,125.024,24JrEVHDfohup0ypuOV7os,162840,4,Werenoi,Laboratoire
556,0.79,0.768,10,-6.45,0,0.227,0.0027,6.28e-06,0.116,0.316,143.962,0sazgd7qckzMWxJ6IHcRFv,209557,4,Freeze corleone,Jour de plus
557,0.729,0.832,10,-6.094,0,0.217,0.559,8.21e-05,0.128,0.619,102.637,71meiqnCUXFSPIAk80ISq5,188906,3,Werenoi,CR
558,0.869,0.509,6,-8.586,0,0.225,0.262,0.00011,0.122,0.389,109.549,62np54NraH1s2cxZSf0EEK,163246,3,Werenoi,Bang
559,0.626,0.73,1,-7.154,1,0.295,0.0709,0.0,0.0964,0.511,111.261,0IzfVZmlCiwPZmjNkRJehY,219866,3,Freeze corleone,Shavkat
560,0.827,0.652,2,-4.888,0,0.175,0.344,0.0,0.144,0.533,119.93,4v9cohT8ERXNMbYs34JI7V,180050,4,Werenoi,Mauvaise
561,0.641,0.789,2,-6.896,1,0.416,0.388,0.0,0.152,0.581,122.56,2sMxeHjS9rQh9gB92rcRF9,287948,3,Freeze corleone,MW2
562,0.788,0.738,4,-4.933,0,0.159,0.231,1.8e-06,0.228,0.349,129.996,498fH7e28Y8ODSYksqertQ,171743,4,Werenoi,Les codes
563,0.545,0.779,3,-6.235,0,0.0751,0.243,1.66e-06,0.123,0.303,150.002,1DmW5Ep6ywYwxc2HMT5BG6,183375,4,Loreen,Tattoo
564,0.702,0.827,0,-6.274,1,0.108,0.0923,0.000612,0.665,0.304,96.0,4XwMoPc7s1E2V0Q5eKSzpA,180050,5,Werenoi,3x filtré
565,0.536,0.655,11,-7.636,0,0.22,0.011,0.000498,0.106,0.434,196.007,7d391WfC0HtftRcetDFQUy,179653,4,PLK,Nouvelles
566,0.663,0.792,1,-4.483,0,0.147,0.374,0.0,0.192,0.684,151.975,2QSswvVqhYPlZuWTua3uZb,169000,4,Werenoi,Tu connais
567,0.796,0.575,5,-8.069,1,0.339,0.0262,0.0,0.352,0.538,139.009,3jBIofMaOimfUgK4E3hBGB,220935,4,Freeze corleone,Ancelotti
568,0.713,0.59,2,-8.651,0,0.196,0.348,1.99e-06,0.123,0.578,138.065,7EO5oDxrq2dvYDgBjFvFYY,225137,4,No Limit,LA RUE
569,0.931,0.793,0,-4.666,0,0.133,0.0378,4.63e-06,0.0748,0.856,117.999,6IdcyYfBz9LG3SWIKVyNgh,166529,4,Becky G,Arranca (feat. Omega)
570,0.696,0.607,11,-6.72,0,0.152,0.354,0.0,0.159,0.392,91.452,3rkyVQEgaDR5nZvW10QOrQ,212093,3,Werenoi,Chemin d'or
571,0.69,0.716,8,-6.507,0,0.0963,0.597,0.0,0.124,0.769,145.861,3XuOt3wEdc1tgYlCigX1xS,166115,4,Kaaris,Une Autre
572,0.668,0.436,8,-7.932,0,0.391,0.174,0.0,0.0951,0.363,80.431,1JvMPB1mkcrQsnasBGMBYd,202187,4,Ninho,No love
573,0.669,0.718,9,-7.782,0,0.0438,0.0886,0.4,0.341,0.615,120.955,14VthBnru6kiREQUYAuNSL,163840,4,Trinix,Emorio
574,0.89,0.725,3,-5.213,1,0.0469,0.00989,0.00153,0.0954,0.762,122.004,6vHkJ4L8gqCwedvhXkSCsa,171211,4,Trinix,The Magic Key
575,0.777,0.701,6,-6.13,0,0.167,0.615,1.03e-06,0.0843,0.836,137.054,3Iy4j2lCqW8BXGkFk21U6F,187058,4,Ninho,Eurostar (feat. Central Cee)
576,0.813,0.791,11,-6.899,0,0.111,0.316,0.000165,0.124,0.404,94.063,55Q180Og5mkW2XeGPjB7yn,259628,4,Morad,Se Grita
577,0.768,0.644,5,-6.671,0,0.136,0.736,0.000837,0.173,0.53,95.05,609E1JCInJncactoMmkDon,194543,4,ROSALÍA,BESO
578,0.536,0.62,9,-10.033,1,0.409,0.0122,0.0,0.198,0.222,127.01,7CpI3rs2A4etl7VXghjfWe,228801,4,Freeze corleone,Voldemort
579,0.637,0.543,1,-10.07,1,0.322,0.0459,0.0,0.107,0.413,148.039,6JTFR9jAJ9z8jUiGo2q1PV,181175,4,Freeze corleone,Kpop
580,0.662,0.715,2,-7.917,0,0.313,0.238,0.0,0.132,0.823,143.014,2G4C8evrYTOcMhWNSKSBoy,248389,4,Dave,Special
581,0.673,0.636,10,-7.431,1,0.0771,0.268,0.0,0.108,0.438,127.021,0i9RysNKssk6syOrKDX3U2,210933,4,Gazo,FLEURS (feat. Tiakola)
582,0.829,0.618,6,-5.073,0,0.0492,0.233,6.57e-06,0.091,0.414,109.998,2t0sbwkCuLSS8LKFanHEZu,176787,4,JEY BROWNIE,GTB
583,0.71,0.712,11,-7.436,0,0.3,0.0297,0.00138,0.0975,0.596,162.106,7A2DyRIqqelhZ4caPJMaFI,147788,4,Favé,Urus
584,0.662,0.821,2,-4.103,0,0.13,0.202,0.0,0.522,0.47,124.077,6pb5DtlAeG95dNQLHiArRU,137419,4,R3HAB,Rock My Body
585,0.884,0.629,2,-5.514,0,0.0416,0.168,0.0032,0.0494,0.869,108.026,7LjHqvRyDcMZ9rJ1XuY0IP,165564,4,King Serenity,All for U (Ameyatchi)
586,0.867,0.723,0,-4.276,1,0.125,0.281,0.0,0.0934,0.872,135.033,0XGBe8T2n2XTdesQgjQQIY,201533,4,Naps,C'est carré le S
587,0.756,0.529,7,-9.933,1,0.159,0.374,0.0,0.206,0.553,126.052,6FtjXmSsf4DgteX1iVANUj,158572,4,Slkrack,Vie
588,0.695,0.63,8,-7.16,0,0.035,0.229,0.0,0.118,0.55,130.968,3D29kjUyWxsT3jUUTtARVQ,240413,4,Gazo,DIE
589,0.787,0.405,1,-10.913,1,0.139,0.00219,1.19e-06,0.103,0.0806,129.894,7ebeLiT7gklzZkqM17e2VC,209333,4,Freeze corleone,Bill Clinton
